train,n_train,slope,group,MAPE,bias
원 라벨 41셀,41,-0.216,B2 일반 30,40.776,40.776
원 라벨 41셀,41,-0.216,B2 newstructure 9,13.776,5.387
원 라벨 41셀,41,-0.216,B2 전체 39,34.545,32.609
원 라벨 41셀,41,-0.216,B3 44,12.776,-6.237
36셀(0~4번 제외),36,-0.297,B2 일반 30,31.869,31.869
36셀(0~4번 제외),36,-0.297,B2 newstructure 9,17.527,15.728
36셀(0~4번 제외),36,-0.297,B2 전체 39,28.559,28.144
36셀(0~4번 제외),36,-0.297,B3 44,12.814,1.582
add_len 보정 41셀,41,-0.354,B2 일반 30,26.67,26.67
add_len 보정 41셀,41,-0.354,B2 newstructure 9,24.526,24.128
add_len 보정 41셀,41,-0.354,B2 전체 39,26.175,26.083
add_len 보정 41셀,41,-0.354,B3 44,15.255,8.109
