train,feat,n_feat,model,train_MAPE,B2,B2_general30,B2_new9
36셀(기본),A,1,LinReg,8.2,28.6,31.9,17.5
36셀(기본),A,1,ElasticNet,8.3,28.6,31.9,17.5
36셀(기본),A,1,Ridge,8.3,28.7,32.2,17.3
36셀(기본),A,1,RandomForest,5.3,29.2,34.0,13.4
36셀(기본),A,1,GradBoost,2.8,29.0,33.6,13.7
36셀(기본),A,1,LightGBM,6.2,28.8,33.6,12.9
36셀(기본),B,3,LinReg,6.7,27.7,29.2,22.6
36셀(기본),B,3,ElasticNet,6.8,27.9,29.9,21.1
36셀(기본),B,3,Ridge,6.8,28.0,30.0,21.3
36셀(기본),B,3,RandomForest,4.6,29.9,35.1,12.2
36셀(기본),B,3,GradBoost,1.5,28.4,33.7,10.6
36셀(기본),B,3,LightGBM,3.7,29.5,34.6,12.4
36셀(기본),C,6,LinReg,5.5,40.8,46.7,21.2
36셀(기본),C,6,ElasticNet,5.7,43.0,47.4,28.2
36셀(기본),C,6,Ridge,5.5,41.0,46.9,21.6
36셀(기본),C,6,RandomForest,3.7,31.8,36.9,15.0
36셀(기본),C,6,GradBoost,1.0,39.3,46.2,16.4
36셀(기본),C,6,LightGBM,1.4,36.6,41.8,19.4
36셀(기본),D,15,LinReg,4.0,84.3,98.6,36.4
36셀(기본),D,15,ElasticNet,5.8,44.2,49.1,27.7
36셀(기본),D,15,Ridge,5.5,45.0,49.8,29.1
36셀(기본),D,15,RandomForest,3.5,33.2,39.1,13.6
36셀(기본),D,15,GradBoost,0.6,39.1,45.9,16.6
36셀(기본),D,15,LightGBM,0.5,40.6,47.4,18.0
41셀(민감도),A,1,LinReg,9.6,34.5,40.8,13.8
41셀(민감도),A,1,ElasticNet,10.4,40.7,48.8,13.5
41셀(민감도),A,1,Ridge,9.7,35.8,42.5,13.7
41셀(민감도),A,1,RandomForest,4.6,29.5,33.7,15.7
41셀(민감도),A,1,GradBoost,2.5,29.7,33.5,17.0
41셀(민감도),A,1,LightGBM,5.9,37.3,42.2,20.7
41셀(민감도),B,3,LinReg,8.8,33.8,39.8,13.5
41셀(민감도),B,3,ElasticNet,10.4,40.5,48.6,13.5
41셀(민감도),B,3,Ridge,9.4,34.7,40.9,13.8
41셀(민감도),B,3,RandomForest,4.1,30.9,35.2,16.6
41셀(민감도),B,3,GradBoost,1.7,29.9,33.3,18.8
41셀(민감도),B,3,LightGBM,4.6,36.2,40.7,21.1
41셀(민감도),C,6,LinReg,7.4,49.5,57.1,24.4
41셀(민감도),C,6,ElasticNet,8.5,47.7,56.2,19.4
41셀(민감도),C,6,Ridge,7.6,51.3,59.1,25.2
41셀(민감도),C,6,RandomForest,3.5,31.7,35.9,17.5
41셀(민감도),C,6,GradBoost,0.9,40.7,46.5,21.5
41셀(민감도),C,6,LightGBM,1.8,41.1,46.6,22.6
41셀(민감도),D,15,LinReg,5.4,53.7,53.0,56.0
41셀(민감도),D,15,ElasticNet,7.4,48.0,56.8,18.7
41셀(민감도),D,15,Ridge,7.3,51.0,60.6,18.9
41셀(민감도),D,15,RandomForest,3.5,33.2,38.8,14.7
41셀(민감도),D,15,GradBoost,0.5,40.1,47.1,16.5
41셀(민감도),D,15,LightGBM,0.8,38.2,44.4,17.5
