batch,cell_id,cycle_life,policy,qd10,qd100,dq_10_100,early_slope,knee,knee_frac,slope_before,slope_after,accel
batch1,0,1190,3.6C(80%)-3.6C,1.0744922,1.0758415,0.0013492999999999977,-9.638169245191629e-06,506,0.42521008403361343,-3.3986847297541885e-05,-4.023571121788792e-05,1.1838612409571154
batch1,1,1179,3.6C(80%)-3.6C,1.0800153,1.0806502,0.0006349000000001048,-1.7117038209093352e-05,407,0.3452078032230704,-2.2715909980866794e-05,-4.392497972465181e-05,1.9336658650984724
batch1,2,1177,3.6C(80%)-3.6C,1.0839587,1.0849578,0.0009991000000000305,-9.056368963898389e-06,424,0.3602378929481733,-2.1540682740216258e-05,-4.451181938125034e-05,2.0664070827312813
batch1,3,1226,4C(80%)-4C,1.0840378,1.0846678,0.0006300000000001305,-7.4322011251735515e-06,960,0.7830342577487766,-4.497125981649746e-05,-0.0002548885653333678,5.667810205305019
batch1,4,1227,4C(80%)-4C,1.0816935,1.0825965,0.0009029999999998761,-5.424419831223827e-06,886,0.7220863895680522,-3.92309174392368e-05,-8.56633845784212e-05,2.1835682204246636
batch1,5,1074,4.4C(80%)-4.4C,1.0799831,1.0796983,-0.00028479999999997396,-1.0850114861690405e-05,880,0.819366852886406,-6.923267180977496e-05,-0.0007027987451170559,10.151258455662083
batch1,6,636,4.8C(80%)-4.8C,1.08091,1.0791765,-0.0017335000000000544,-3.430192100328216e-05,512,0.8050314465408805,-0.00010974007394699527,-0.0011559752627544005,10.533756914659447
batch1,7,870,4.8C(80%)-4.8C,1.0974988,1.0957599,-0.0017389000000000987,-2.4763608766992992e-05,641,0.7367816091954023,-7.623665603540133e-05,-0.0007122537030566158,9.342667164282139
batch1,9,1054,5.4C(40%)-3.6C,1.086799,1.0876312,0.0008321999999998386,-1.0766912798877755e-06,788,0.7476280834914611,-6.159074947093521e-05,-0.000559070038916318,9.077175447915993
batch1,11,788,5.4C(50%)-3C,1.0581003,1.0599171,0.0018168000000000628,-8.250643459914389e-06,591,0.75,-6.182217951475585e-05,-0.0007197773601611936,11.642704379087697
batch1,14,880,5.4C(60%)-3C,1.0750496,1.0761763,0.001126699999999925,3.0230578996770163e-06,653,0.7420454545454546,-6.406360067889207e-05,-0.0006838183901706701,10.674054891141598
batch1,15,719,5.4C(60%)-3C,1.066329,1.0676888,0.001359799999999911,1.911692451946971e-06,550,0.7649513212795549,-6.4865648104023e-05,-0.0008926831841137011,13.762032912738853
batch1,16,862,5.4C(60%)-3.6C,1.0855736,1.0862727,0.0006991000000000636,-2.944210032801384e-07,670,0.777262180974478,-6.35501785951727e-05,-0.0008505325805438557,13.383637927470161
batch1,17,857,5.4C(60%)-3.6C,1.0757509,1.0769713,0.0012204000000000104,-4.122950070318737e-06,651,0.7596266044340724,-5.970418160901232e-05,-0.000758280266610597,12.70062240491602
batch1,18,691,5.4C(70%)-3C,1.0695512,1.0644009,-0.005150299999999941,-7.236380157055952e-05,562,0.8133140376266281,-0.00012269851139980973,-0.0009667503448397102,7.879071504702944
batch1,19,788,5.4C(70%)-3C,1.0886388,1.0870329,-0.001605899999999938,-2.5014130332866567e-05,573,0.7271573604060914,-8.768599943027462e-05,-0.0007389261413268883,8.426956938712447
batch1,20,534,5.4C(80%)-5.4C,1.0756526,1.0610521,-0.014600500000000016,-0.00016645617205813298,412,0.7715355805243446,-0.0002685041430500126,-0.0007100026881380658,2.6442895073161607
batch1,21,559,5.4C(80%)-5.4C,1.0856259,1.0766116,-0.00901430000000003,-0.00010737669362400079,439,0.7853309481216458,-0.0001999560398987838,-0.0009302189270284383,4.652117172851132
batch1,23,1014,6C(30%)-3.6C,1.0828081,1.0816643,-0.0011438000000001391,-1.853976793249526e-05,766,0.7554240631163708,-6.289227798695475e-05,-0.0005937438148816156,9.440647308160331
batch1,24,1017,6C(40%)-3C,1.0779181,1.0775763,-0.0003417999999999477,-1.1685947022969624e-05,753,0.7404129793510325,-6.388650873114524e-05,-0.0005439512313559932,8.514336471963322
batch1,25,854,6C(40%)-3C,1.078598,1.0779946,-0.0006033999999999207,-1.7530662212848227e-05,608,0.711943793911007,-6.658472086578362e-05,-0.0006219416829568495,9.340606596677215
batch1,26,870,6C(40%)-3.6C,1.091149,1.0892806,-0.0018683999999999923,-2.7875684481952302e-05,649,0.7459770114942529,-7.18003904319163e-05,-0.0007201871821609335,10.030407604034421
batch1,27,842,6C(40%)-3.6C,1.0824029,1.0810125,-0.0013904000000000138,-2.4831867088607458e-05,634,0.7529691211401425,-6.902670135517035e-05,-0.0007219908709310994,10.459588199299338
batch1,28,860,6C(50%)-3C,1.0809715,1.0796309,-0.001340600000000025,-1.9010427801222916e-05,625,0.7267441860465116,-6.862115391496787e-05,-0.000674257563182341,9.82579750870773
batch1,29,917,6C(50%)-3C,1.0828774,1.0818107,-0.001066700000000198,-1.918383614627865e-05,677,0.7382769901853872,-7.088747666136358e-05,-0.0006376631946392235,8.995428031461792
batch1,30,709,6C(50%)-3.6C,1.08348,1.0813658,-0.002114200000000066,-3.1588912330048825e-05,549,0.7743300423131171,-7.766240873011852e-05,-0.0009923997079373686,12.778379194830494
batch1,31,876,6C(50%)-3.6C,1.0982361,1.0953295,-0.0029065999999999814,-3.771872714487026e-05,667,0.7614155251141552,-7.308501619072362e-05,-0.0007893626753417531,10.800608886530474
batch1,32,731,6C(60%)-3C,1.0811299,1.0793387,-0.0017911999999999928,-2.5700989217063475e-05,544,0.7441860465116279,-8.003906977784008e-05,-0.0008494366541260748,10.612775191963227
batch1,33,757,6C(60%)-3C,1.0962515,1.0937191,-0.00253239999999999,-3.643112400374767e-05,556,0.7344782034346103,-8.619509271461169e-05,-0.000838150566895082,9.723878013220116
batch1,34,742,7C(30%)-3.6C,1.0799509,1.0794086,-0.0005422999999999956,-1.5945344585094004e-05,579,0.7803234501347709,-7.12438042500508e-05,-0.0009591313072808842,13.462662716810216
batch1,35,703,7C(30%)-3.6C,1.0742505,1.0739355,-0.00031500000000006523,-1.225179910923561e-05,520,0.7396870554765291,-6.792135938856081e-05,-0.0008557826738712501,12.599610513911172
batch1,36,704,7C(40%)-3C,1.081539,1.0801983,-0.0013407000000000835,-2.1996962025314785e-05,522,0.7414772727272727,-7.646827514832753e-05,-0.0008844768444396435,11.56658552483367
batch1,37,648,7C(40%)-3C,1.0783199,1.0767663,-0.0015536000000000438,-2.5775376230650397e-05,481,0.7422839506172839,-8.441030040932929e-05,-0.000919642688162851,10.894910736050516
batch1,38,617,7C(40%)-3.6C,1.0762513,1.0748731,-0.001378199999999996,-2.2132791842473096e-05,471,0.7633711507293355,-8.484897313953224e-05,-0.0010849981344747215,12.787404423745546
batch1,39,625,7C(40%)-3.6C,1.0857193,1.084751,-0.000968300000000033,-1.925788677918571e-05,468,0.7488,-8.453566014668646e-05,-0.0010759141484966647,12.727340706037383
batch1,40,966,8C(15%)-3.6C,1.0872169,1.0857353,-0.0014815999999999718,-2.3692215189873207e-05,689,0.7132505175983437,-6.648166239373138e-05,-0.0005472824135483686,8.232080754947734
batch1,41,1051,8C(15%)-3.6C,1.0829428,1.0821489,-0.0007939000000001251,-1.418239334270879e-05,798,0.7592768791627021,-6.596907536907943e-05,-0.0005809314604515267,8.806117975754088
batch1,42,702,8C(25%)-3.6C,1.0838147,1.083203,-0.0006117000000001038,-1.1028390764182073e-05,493,0.7022792022792023,-7.398153037558924e-05,-0.000801385640917404,10.83223930147067
batch1,43,651,8C(25%)-3.6C,1.0715132,1.0687802,-0.0027330000000000965,-3.5237988748235943e-05,486,0.7465437788018433,-8.036878474811339e-05,-0.000922941367067352,11.483828826825922
batch1,44,616,8C(35%)-3.6C,1.0882871,1.0847102,-0.003576900000000105,-4.499894280356349e-05,426,0.6915584415584416,-9.154207134416953e-05,-0.0008931260175056477,9.756454102374125
batch1,45,599,8C(35%)-3.6C,1.0876058,1.085796,-0.0018097999999999725,-2.7353270042197476e-05,427,0.7128547579298832,-8.971510865407084e-05,-0.0009896118288237124,11.03060391577432
batch2,0,477,5.2C(58%)-4C,1.1046798,1.1047862,0.00010639999999995098,2.1829586263484947e-05,366,0.7672955974842768,-9.695121078708256e-05,-0.001707713548262549,17.614153906885285
batch2,1,491,5.6C(26%)-4.5C,1.1080332,1.1030408,-0.004992399999999897,-2.11779676511928e-05,354,0.7209775967413442,-0.00016809279407757288,-0.0011567471245822972,6.8815985297291915
batch2,2,424,5.2C(50%)-4.25C,1.0766428,1.074795,-0.001847799999999955,-1.4305999765589239e-05,336,0.7924528301886793,-0.0001196932986245165,-0.0016217239246592247,13.548995167612924
batch2,3,499,4.65C(44%)-5C,1.0990965,1.0998887,0.0007922000000000207,8.158258438818848e-05,380,0.7615230460921844,-0.00014484029345224314,-0.0014009531069648202,9.672398982170963
batch2,4,444,4.65C(69%)-6C,1.0892452,1.0805544,-0.008690799999999888,-5.796041373652725e-05,317,0.713963963963964,-0.00015757610272595256,-0.0011669180645388069,7.405425342751653
batch2,5,416,3.6C(30%)-6C,1.098332,1.0783235,-0.020008500000000096,-0.0001761338947491758,245,0.5889423076923077,-0.00022724984104317082,-0.00087045188652891,3.830374017130994
batch2,6,393,3.6C(9%)-5C,1.090368,1.0903831,1.509999999993461e-05,4.9719488982651465e-05,271,0.6895674300254453,-0.00012157588850300189,-0.001378429002349472,11.338012983680038
batch2,7,777,4.8C(80%)-4.8C-newstructure,1.0916704,1.0964648,0.0047943999999999765,6.339681551805157e-05,589,0.758043758043758,-9.006094502639332e-05,-0.0007908983664284527,8.781812873456651
batch2,8,904,5.2C(58%)-4C-newstructure,1.0922291,1.0905826,-0.0016464999999998842,-3.755188584153646e-05,697,0.7710176991150443,-3.539603096293683e-05,-0.0008838464834507685,24.97021443947328
batch2,9,791,5.6C(26%)-4.5C-newstructure,1.0985823,1.0976679,-0.0009143999999998709,-4.7495309423347355e-05,611,0.7724399494310998,-5.096213238384836e-05,-0.0009472557828533797,18.58744402056452
batch2,10,492,4.8C(80%)-4.8C,1.111069,1.1166337,0.005564699999999867,5.631212611345573e-05,346,0.7032520325203252,-8.064173947808078e-05,-0.0013336458567283322,16.537910334769382
batch2,11,449,5.2C(50%)-4.25C,1.0982047,1.1087139,0.010509199999999996,0.00010987897913736642,341,0.7594654788418709,-3.798114793193614e-05,-0.0018718505003953601,49.28367367278623
batch2,12,466,4.65C(44%)-5C,1.1027151,1.1065857,0.0038705999999999463,3.273375058602776e-05,308,0.6609442060085837,-0.00013269911323931464,-0.0011050018546334632,8.327123125839286
batch2,13,460,4.65C(69%)-6C,1.0963813,1.0956608,-0.0007204999999999018,1.8909270979778787e-06,334,0.7260869565217392,-0.00011375051851923235,-0.001351092411158603,11.877681339361695
batch2,14,426,3.6C(30%)-6C,1.083474,1.0765058,-0.00696819999999998,-9.377253281762406e-05,324,0.7605633802816901,-0.00020373771435879608,-0.0013634483768256902,6.692174696848538
batch2,15,396,3.6C(9%)-5C,1.0716724,1.0770745,0.005402099999999965,8.866096929207733e-05,277,0.6994949494949495,-0.0001305736358770473,-0.0012292411295399476,9.414160226781494
batch2,16,472,4.8C(80%)-4.8C,1.0971096,1.0941645,-0.002945100000000034,-2.708391584622876e-05,337,0.7139830508474576,-0.00015084429893320555,-0.00116048123197737,7.693238923741066
batch2,17,471,5.6C(26%)-4.5C,1.0926291,1.0937823,0.0011532000000000764,3.878762189404894e-05,302,0.6411889596602972,-0.00013702935453718348,-0.0009177920688926455,6.697777071142802
batch2,18,449,5.2C(50%)-4.25C,1.0777206,1.0849184,0.007197800000000143,0.00010451014299109557,348,0.7750556792873051,-0.00011433617890669882,-0.0015092345619103107,13.199973764576162
batch2,19,392,6C(60%)-3C,1.0930161,1.0941725,0.0011563999999999464,6.906842475390592e-06,291,0.7423469387755102,-0.00010353044436544534,-0.001705179063016887,16.47031531129034
batch2,20,489,5.2C(58%)-4C,1.0994316,1.1046962,0.005264600000000064,3.381828527895384e-05,384,0.7852760736196319,-1.9823752458375386e-05,-0.001920291838585942,96.86823131079974
batch2,21,408,6C(60%)-3C,1.1020024,1.1015263,-0.0004760999999999793,2.7210304735116825e-05,292,0.7156862745098039,-9.312734525357926e-05,-0.001594439150194133,17.12106305460106
batch2,24,514,4.8C(80%)-4.8C,1.09543,1.1006092,0.0051792000000001615,4.7195330520392656e-05,381,0.7412451361867705,-7.986259681958402e-05,-0.001341842558227319,16.80188989169296
batch2,25,493,5.2C(58%)-4C,1.1006938,1.1063702,0.005676400000000026,3.9160208626349274e-05,387,0.7849898580121704,-3.9846470178781906e-05,-0.0018364715236919638,46.088687792222004
batch2,26,450,5.6C(26%)-4.5C,1.1052417,1.1064082,0.0011664999999998482,7.295324660101709e-06,324,0.72,-0.0001731695511982585,-0.001286291280899888,7.427929864108949
batch2,27,474,5.2C(50%)-4.25C,1.0957271,1.1051688,0.009441699999999997,9.002032934834605e-05,365,0.770042194092827,-4.012155482289577e-05,-0.001798062935038456,44.81538522062394
batch2,28,437,4.8C(80%)-4.8C,1.0929682,1.0988791,0.005910899999999941,4.761182723863311e-05,312,0.7139588100686499,-0.0001259850797418184,-0.0013491974756989244,10.709184599190941
batch2,29,452,5.2C(58%)-4C,1.1056679,1.1164269,0.010758999999999963,0.00011602393811533236,340,0.7522123893805309,-4.334725077511391e-05,-0.001833294564483888,42.29321425700199
batch2,30,412,5.6C(26%)-4.5C,1.0973699,1.0920107,-0.005359200000000008,-7.959299578058937e-05,305,0.7402912621359223,-0.000162114725676292,-0.0013792514811222802,8.507872899074862
batch2,31,425,5.6C(26%)-4.5C,1.0990098,1.1009849,0.0019751000000001184,5.789309071730145e-05,302,0.7105882352941176,-0.00017108808781342392,-0.0012614083039687361,7.372858742476187
batch2,32,809,4.8C(80%)-4.8C-newstructure,1.0911729,1.0882854,-0.002887499999999932,-8.736459915611784e-05,605,0.7478368355995055,-8.548750744972162e-05,-0.0007100830395360837,8.306278434351475
batch2,33,1140,5.2C(58%)-4C-newstructure,1.0744615,1.0686773,-0.005784199999999906,-0.0001062066256446365,904,0.7929824561403509,-5.674933203797886e-05,-0.0005875550651809716,10.353515082569729
batch2,34,1186,5.6C(26%)-4.5C-newstructure,1.0687231,1.0644383,-0.0042847999999999775,-7.446384200656416e-05,939,0.7917369308600337,-5.9244007918591e-05,-0.0005291660643297855,8.931976125871307
batch2,41,442,5.6C(26%)-4.5C,1.1057193,1.108752,0.0030326999999998883,3.65013220815752e-05,318,0.7194570135746606,-0.00013069309986586948,-0.001433672281038551,10.969762615699917
batch2,42,474,5.2C(50%)-4.25C,1.1041421,1.1132475,0.00910539999999993,9.613080872011632e-05,338,0.7130801687763713,-4.0715639894961494e-05,-0.0015042791994895268,36.94597956387956
batch2,43,1029,4.8C(80%)-4.8C-newstructure,1.1012646,1.0969751,-0.004289499999999835,-9.102386193155578e-05,808,0.7852283770651117,-4.766843401128682e-05,-0.0007740024745905914,16.237212122540566
batch2,44,841,5.2C(58%)-4C-newstructure,1.0982233,1.0972592,-0.0009640999999998012,-3.4661878809184365e-05,690,0.8204518430439952,-4.234937278025075e-05,-0.00123984653140467,29.276620880271015
batch2,45,997,5.6C(26%)-4.5C-newstructure,1.1037385,1.1000497,-0.0036887999999999366,-7.651347046413221e-05,744,0.7462387161484454,-3.995709486709601e-05,-0.000713137532097025,17.847582124502292
batch2,46,503,4.8C(80%)-4.8C,1.1016624,1.1003904,-0.0012719999999999398,2.195432489451371e-05,383,0.7614314115308151,-0.00014060302230428016,-0.001414242771338288,10.058409472007746
batch3,0,1009,5C(67%)-4C-newstructure,1.0704424,1.0694734,-0.0009689999999999976,-2.089731364275414e-05,839,0.8315163528245788,-6.202684146372661e-05,-0.0007832303524354505,12.627280931167272
batch3,1,1063,5.3C(54%)-4C-newstructure,1.0682956,1.0664922,-0.0018034000000000106,-2.708360173464454e-05,867,0.8156161806208843,-5.842460864551527e-05,-0.0007009974130901948,11.998324496162528
batch3,2,1267,5.6C(19%)-4.6C-newstructure,1.0628272,1.0607514,-0.002075800000000072,-2.9918043834971288e-05,985,0.7774269928966061,-5.245401578393277e-05,-0.00047485446954316225,9.052776273587337
batch3,3,1115,5.6C(36%)-4.3C-newstructure,1.0650423,1.0635556,-0.001486700000000063,-2.4201306844817056e-05,903,0.809865470852018,-5.621998511981606e-05,-0.0006326126053004114,11.252450600123552
batch3,4,1048,5.6C(19%)-4.6C-newstructure,1.0745391,1.0738032,-0.0007359000000000115,-1.6480407876223334e-05,814,0.7767175572519084,-6.24138951946299e-05,-0.000611283908659418,9.794035554954643
batch3,5,828,5.6C(36%)-4.3C-newstructure,1.0536437,1.0518515,-0.0017922000000001326,-2.6281480309420466e-05,679,0.8200483091787439,-8.201133490664697e-05,-0.000769949921608777,9.388335435403002
batch3,6,667,3.7C(31%)-5.9C-newstructure,1.0623018,1.0435516,-0.01875019999999994,-0.00020124572433192364,463,0.6941529235382309,-0.00020942601557338755,-0.00039570434085001106,1.8894707983944212
batch3,7,1836,4.8C(80%)-4.8C-newstructure,1.0703733,1.0696498,-0.000723499999999877,-1.378884552273468e-05,1421,0.7739651416122004,-4.1295152728847666e-05,-0.00030801618439311063,7.458894423168919
batch3,8,828,5C(67%)-4C-newstructure,1.0679934,1.0670043,-0.000989099999999965,-1.9092214017819196e-05,683,0.8248792270531401,-7.114667427618946e-05,-0.0009139949220263295,12.846628901840528
batch3,9,1039,5.3C(54%)-4C-newstructure,1.0729177,1.0724221,-0.0004956000000000405,-1.1935509845283708e-05,844,0.8123195380173244,-5.378186362439393e-05,-0.0007366762208716141,13.697484081557164
batch3,10,1078,4.8C(80%)-4.8C-newstructure,1.0643069,1.0636271,-0.0006798000000001192,-1.5608163384905618e-05,872,0.8089053803339518,-5.534867808228068e-05,-0.0006840034087327126,12.358080308907853
batch3,11,817,5.6C(19%)-4.6C-newstructure,1.0705024,1.0682771,-0.0022253000000000966,-2.9758070792309472e-05,640,0.7833537331701347,-8.479611391568318e-05,-0.0007398489014330488,8.725033109049265
batch3,12,932,5.6C(36%)-4.3C-newstructure,1.0765332,1.0755343,-0.0009989000000001358,-1.7569348335672837e-05,752,0.8068669527896996,-6.140866829872915e-05,-0.0008085680746524436,13.16700226617969
batch3,13,816,5.6C(19%)-4.6C-newstructure,1.0690556,1.0672057,-0.001849900000000071,-2.9109668307546773e-05,627,0.7683823529411765,-8.509868633068337e-05,-0.0006729806279109886,7.908237564277619
batch3,14,858,5.6C(36%)-4.3C-newstructure,1.076596,1.076414,-0.0001820000000001265,-1.378577590248945e-05,667,0.7773892773892774,-6.940863941714266e-05,-0.0007305565393981421,10.525441004649748
batch3,15,876,5.9C(15%)-4.6C-newstructure,1.0709617,1.0692446,-0.001717100000000027,-2.3028811533046442e-05,669,0.7636986301369864,-7.715668509310392e-05,-0.0006292018168433355,8.154858079816238
batch3,16,1638,4.8C(80%)-4.8C-newstructure,1.0635999,1.0624641,-0.0011358000000001311,-2.281259845288185e-05,1296,0.7912087912087912,-4.65001416296785e-05,-0.00036457232594216407,7.84024119422203
batch3,17,1315,5.3C(54%)-4C-newstructure,1.0689521,1.0664077,-0.002544399999999891,-1.1372246835446136e-05,1023,0.7779467680608365,-5.209889015387683e-05,-0.0004593018194344832,8.815961685132082
batch3,18,1146,5.6C(19%)-4.6C-newstructure,1.0700039,1.0670105,-0.002993399999999813,-3.7593349742142606e-05,904,0.7888307155322862,-6.0996779463426567e-05,-0.0005686614143257692,9.322810471768207
batch3,19,1155,5.6C(36%)-4.3C-newstructure,1.0738292,1.0708687,-0.0029605000000001436,-3.805726090013588e-05,904,0.7826839826839826,-5.983003639898642e-05,-0.000563666361500195,9.42112683571331
batch3,20,813,5C(67%)-4C-newstructure,1.0675582,1.0664401,-0.0011181000000000108,-1.9457579699943735e-05,676,0.8314883148831488,-6.94394495866342e-05,-0.0010144273829382504,14.608805066529628
batch3,21,772,3.7C(31%)-5.9C-newstructure,1.0685649,1.053759,-0.014805900000000038,-0.00016663135021097007,597,0.7733160621761658,-0.000154516057261007,-0.0004733352989834541,3.0633405186096665
batch3,22,1002,5.9C(60%)-3.1C-newstructure,1.0586069,1.0568488,-0.0017580999999999847,-2.6836638537272203e-05,867,0.8652694610778443,-5.6433025759529146e-05,-0.0008929286519725355,15.822803047588808
batch3,24,825,5C(67%)-4C-newstructure,1.050017,1.0500411,2.410000000008239e-05,-4.74001875293075e-06,680,0.8242424242424242,-7.163051747306755e-05,-0.0007979381984388845,11.139640290032839
batch3,25,989,5.3C(54%)-4C-newstructure,1.064286,1.0643718,8.579999999991372e-05,-8.099503047349422e-06,821,0.8301314459049545,-5.933231842954711e-05,-0.0007819332334935822,13.178875428946402
batch3,26,1028,5.6C(19%)-4.6C-newstructure,1.0751407,1.0744087,-0.0007319999999999549,-1.3216781528360494e-05,795,0.7733463035019456,-6.11294013625946e-05,-0.0006211651612180922,10.16147953966692
batch3,27,850,5.6C(36%)-4.3C-newstructure,1.0638406,1.0626848,-0.0011558000000000401,-1.863954289732628e-05,674,0.7929411764705883,-7.134697420793114e-05,-0.0007529295799880403,10.55306953583944
batch3,28,541,3.7C(31%)-5.9C-newstructure,1.0523635,1.0337164,-0.018647099999999917,-0.00020889477262072838,376,0.6950092421441775,-0.00023499276899824833,-0.0004896218014752745,2.0835611391894537
batch3,29,858,5.9C(15%)-4.6C-newstructure,1.0701004,1.0695447,-0.0005557000000000478,-1.567848335677758e-05,665,0.7750582750582751,-7.912812245527646e-05,-0.0006826715291574801,8.627419784202878
batch3,30,935,5.3C(54%)-4C-newstructure,1.0717487,1.0709716,-0.0007771000000000861,-1.6010678621655158e-05,759,0.8117647058823529,-5.928271483484076e-05,-0.0007772040587829957,13.110129334465446
batch3,31,731,5.9C(60%)-3.1C-newstructure,1.0709511,1.0697124,-0.001238700000000037,-2.34733239568712e-05,595,0.813953488372093,-7.521160164615048e-05,-0.0010440913829598865,13.882052238058218
batch3,33,1284,5C(67%)-4C-newstructure,1.0625443,1.0608566,-0.0016877000000001807,-2.4008560712608022e-05,1087,0.8465732087227414,-5.288971140667293e-05,-0.0006271547941057473,11.857784386144733
batch3,34,1158,5.3C(54%)-4C-newstructure,1.0640404,1.0615493,-0.0024911000000000794,-3.2445957571497205e-05,921,0.7953367875647669,-5.8251605404225187e-05,-0.000557457497184388,9.569822038654983
batch3,35,1093,5.6C(19%)-4.6C-newstructure,1.0652812,1.0631766,-0.002104600000000012,-2.8946463900608317e-05,848,0.7758462946020128,-6.252264937595695e-05,-0.0005418967841856206,8.667207637461484
batch3,36,923,5.6C(36%)-4.3C-newstructure,1.060088,1.0577273,-0.0023606999999998823,-3.523768284106447e-05,796,0.8624052004333694,-7.196930351742098e-05,-0.0008996703488172043,12.500751082014139
batch3,37,1390,4.8C(80%)-4.8C-newstructure,1.0489169,1.048285,-0.0006319000000001296,-1.914184013126306e-05,1167,0.839568345323741,-5.425275509045341e-05,-0.0004549171845308893,8.385144381560428
batch3,38,1935,5C(67%)-4C-newstructure,1.0722919,1.0710695,-0.0012224000000000679,-1.7165569620253515e-05,1521,0.786046511627907,-4.230361332008245e-05,-0.00028982561783836685,6.8510842240698215
batch3,39,1156,5.3C(54%)-4C-newstructure,1.0505079,1.0494332,-0.001074699999999984,-2.5217645335211297e-05,1001,0.865916955017301,-5.694897478688994e-05,-0.0007118748270743705,12.500221992376396
batch3,40,796,5.6C(19%)-4.6C-newstructure,1.0632297,1.0617574,-0.001472299999999871,-2.5197020628220492e-05,619,0.7776381909547738,-8.06081788818138e-05,-0.0007165113150022398,8.888816556106239
batch3,41,786,5.6C(36%)-4.3C-newstructure,1.0537957,1.0540829,0.000287200000000043,-5.4110278949833385e-06,602,0.7659033078880407,-6.283268600144701e-05,-0.000709662107449655,11.294473507519823
batch3,42,1642,4.8C(80%)-4.8C-newstructure,1.0691469,1.0690138,-0.0001330999999999971,-9.843112986408665e-06,1294,0.7880633373934226,-5.121154714980109e-05,-0.00035315563909806046,6.896015815828211
batch3,43,1046,5C(67%)-4C-newstructure,1.0726073,1.0724579,-0.00014939999999996623,-6.41015471167276e-06,866,0.8279158699808795,-5.5626985249599536e-05,-0.0007940245673875365,14.274089523721813
batch3,44,940,5.3C(54%)-4C-newstructure,1.0729147,1.072899,-1.5700000000062886e-05,-1.1666837787153318e-05,785,0.8351063829787234,-5.821922752467412e-05,-0.000889294184827042,15.274922437783063
batch3,45,1801,4.8C(80%)-4.8C-newstructure,1.0713158,1.0709579,-0.0003579000000000221,-1.1372178856071586e-05,1424,0.7906718489727929,-4.5824759683879036e-05,-0.0003355630725429518,7.3227459316279075
