cell_id,cycle_life,policy,dq_var,dq_min,dq_mean,dq_skew,dq_kurt,dq_2v,qd_2,qd_max_minus_2,qd_slope_2_100,qd_slope_91_100,qd_100,ir_2,ir_min,ir_100_minus_2,ir_mean,tavg_mean,tmax_mean,chargetime_mean,batch,valid,log_life,log_dq_var,log_dq_min,log_dq_abs_mean
0,1190.0,3.6C(80%)-3.6C,9.663602e-06,-0.008459628,-0.0028734177,-0.53205657,-1.3483139,0.00076782703,1.0706892,0.46836520000000004,-0.0002068070129870151,3.532363636363656e-05,1.0759126,0.016742354,0.016443744,-7.520000000000096e-05,0.01664332204040404,31.603747328822767,35.376748303030304,13.374893999999992,batch1,True,3.0755469613925306,-5.014861,-2.0726488,-2.5416012
1,1179.0,3.6C(80%)-3.6C,9.683674e-06,-0.011003822,-0.0040996154,-0.42937386,-1.0291166,-0.0011941195,1.0753012,0.009288300000000138,5.535292517000454e-06,-4.129999999998234e-05,1.0806297,0.017038831,0.016764179,-4.199100000000164e-05,0.0169217703877551,31.33031430692745,34.16065478787879,13.409150000000002,batch1,True,3.071513805095089,-5.01396,-1.9584564,-2.3872569
2,1177.0,3.6C(80%)-3.6C,1.8323157e-05,-0.0172164,-0.0044867336,-1.0801939,0.34863496,-0.00080931187,1.0799223,0.008131200000000005,1.0295625231919576e-05,-4.419696969693659e-05,1.0849404,0.01686798,0.016613184,-1.3807000000001096e-05,0.016768978602040817,31.47958411321121,34.54464383838384,13.358242333333328,batch1,True,3.0707764628434346,-4.7369995,-1.7640576,-2.3480697
3,1226.0,4C(80%)-4C,3.6089976e-05,-0.018960536,-0.0074557853,-0.43905008,-1.0954152,-0.0017589331,1.0797229,0.006530099999999983,1.7136347557203083e-05,-3.6842424242161056e-06,1.0847498,0.016369704,0.016098134,3.858100000000281e-05,0.016310912734693876,29.942198807956427,30.662263141414144,12.025139666666673,batch1,True,3.0884904701823963,-4.4426136,-1.7221494,-2.1275065
4,1227.0,4C(80%)-4C,2.2503813e-05,-0.013957977,-0.0057500084,-0.362548,-1.3338305,-0.00091671944,1.0784167,0.005899899999999958,1.899431787260341e-05,-2.932666666662699e-05,1.0826457,0.016787428,0.016368635,-5.331399999999875e-05,0.016668886163265305,31.44888383416564,34.38251588888889,12.041850666666674,batch1,True,3.088844562727004,-4.6477437,-1.8551775,-2.2403314
5,1074.0,4.4C(80%)-4.4C,6.624025e-05,-0.02517873,-0.011073914,-0.14934982,-1.2275267,-0.00388062,1.0761266,0.005943800000000055,1.1228400742112244e-05,-2.32230303030168e-05,1.0797794,0.016437579,0.015922785,-0.0001118670000000016,0.016270388575757577,30.92149771366389,33.02000678787879,10.967849666666668,batch1,True,3.0310042813635367,-4.178878,-1.5989661,-1.9556988
6,636.0,4.8C(80%)-4.8C,0.00017026371,-0.037886024,-0.015965056,-0.40793607,-1.2380697,-0.004688859,1.0758358,0.006303200000000064,-4.808646876935072e-06,-6.222545454544446e-05,1.0792426,0.017001977,0.016541764,-0.0003333460000000017,0.01667571006122449,32.27384521945563,35.79263145454546,10.07647899999999,batch1,True,2.803457115648414,-3.768878,-1.421521,-1.7968296
7,870.0,4.8C(80%)-4.8C,0.00015364338,-0.03823334,-0.016645726,-0.3334166,-1.1205359,-0.007319808,1.0938644,0.004104200000000002,-6.428188002472527e-06,-4.056606060604642e-05,1.0957625,0.016311171,0.016083084,-3.842100000000029e-05,0.016213918408163264,31.990084509217034,35.32269474747474,10.02508166666667,batch1,True,2.9395192526186187,-3.813486,-1.4175577,-1.7786973
9,1054.0,5.4C(40%)-3.6C,8.722005e-05,-0.028724492,-0.0115106,-0.42759117,-1.182171,-0.0032514334,1.0829742,0.005975700000000028,1.8204385899815436e-05,-1.3036969696965591e-05,1.0876312,0.016978227,0.016611163,-3.366599999999817e-05,0.01683536523232323,32.64153361126789,35.98493365656566,11.207955999999994,batch1,True,3.022840610876528,-4.059384,-1.5417477,-1.938902
11,788.0,5.4C(50%)-3C,7.130228e-05,-0.023691475,-0.008378206,-0.59484774,-1.2055553,0.00058186054,1.0537786,0.009460400000000035,2.1809402597400863e-05,-1.1643030303011416e-05,1.0599719,0.016575078,0.015962802,-0.0003035779999999988,0.01620072782653061,32.75932260623101,36.23175358585859,11.668875999999987,batch1,True,2.8965262174895554,-4.1468964,-1.6254079,-2.076849
14,880.0,5.4C(60%)-3C,8.993531e-05,-0.028293967,-0.011946214,-0.28245324,-1.3132875,-0.0025379658,1.0709661,0.006877699999999987,2.623412492269602e-05,-1.947999999996881e-05,1.0762016,0.017121186,0.016649306,-6.811500000000054e-05,0.016975001838383838,33.07746279993842,36.63094507070707,10.764334,batch1,True,2.9444826721501687,-4.0460696,-1.5483061,-1.9227697
15,719.0,5.4C(60%)-3C,9.595131e-05,-0.028944552,-0.01101309,-0.48199797,-1.2504568,-0.0009448528,1.0611236,0.008215100000000142,2.9049360544212364e-05,-2.4367272727275536e-05,1.0677497,0.017168047,0.016542939,-0.0002532960000000001,0.016839986434343434,33.147720104395674,37.056188636363636,10.797705666666673,batch1,True,2.8567288903828825,-4.017949,-1.5384332,-1.9580908
16,862.0,5.4C(60%)-3.6C,7.954013e-05,-0.027606726,-0.0124038085,-0.12294925,-1.2280984,-0.0044755936,1.0811664,0.007425499999999863,2.3160274582550902e-05,-3.059757575752952e-05,1.0863206,0.01683085,0.016328048,-1.4819000000002719e-05,0.016697524142857148,32.41716254671688,35.85141423232323,10.11310766666668,batch1,True,2.9355072658247128,-4.099414,-1.5589851,-1.9064449
17,857.0,5.4C(60%)-3.6C,0.00010711257,-0.031067967,-0.013343113,-0.25598866,-1.2907016,-0.0037697554,1.072052,0.007173799999999897,1.7886231292516987e-05,-1.2675757575764866e-05,1.0769763,0.016778639,0.016238289,2.2162999999998656e-05,0.016676227535353534,32.088753858534446,35.43276257575758,10.146880666666664,batch1,True,2.932980821923198,-3.9701595,-1.5076872,-1.8747429
18,691.0,5.4C(70%)-3C,0.0002238306,-0.044133246,-0.020702384,-0.052079245,-1.3465283,-0.008717775,1.0661705,1.8179140000000003,-0.0002945415905998879,-0.0001058660606060394,1.0645274,0.019886132,0.015845969,-0.003994543,0.018004754414141413,31.831057275618022,35.415118353535355,9.958173666666676,batch1,True,2.8394780473741985,-3.6500804,-1.3552341,-1.6839796
19,788.0,5.4C(70%)-3C,0.00023993473,-0.045892715,-0.020106273,-0.27342397,-1.2754148,-0.0071282387,1.0851147,0.004190699999999881,-1.0355845392701034e-05,-3.3252727272719504e-05,1.0870851,0.016449727,0.016205151,-6.60869999999994e-05,0.01632486908080808,33.044085397077396,36.83902758585858,9.924738333333329,batch1,True,2.8965262174895554,-3.619907,-1.3382562,-1.6966684
20,534.0,5.4C(80%)-5.4C,0.00042930167,-0.063580394,-0.03279598,0.24167241,-1.072721,-0.02120769,1.07263,0.003094200000000047,-0.00013977618181818495,-0.00023311272727269283,1.0612478,0.015740737,0.015036267,-0.000580528000000002,0.015210366091836734,32.15292201754506,34.92834715151515,9.021115000000016,batch1,True,2.727541257028556,-3.3672373,-1.1966767,-1.4841794
21,559.0,5.4C(80%)-5.4C,0.00044633608,-0.06472021,-0.030657578,-0.09016672,-1.1430824,-0.016681433,1.0824388,0.0034874000000000294,-8.178444155844656e-05,-0.0001590527272727164,1.0767291,0.015348774,0.014894895,-0.0002038070000000003,0.015090236234693879,33.13697371135653,36.94892544444444,8.964706333333336,batch1,True,2.747411807886423,-3.350338,-1.1889601,-1.5134622
23,1014.0,6C(30%)-3.6C,9.1034606e-05,-0.02995348,-0.01334062,-0.14317486,-1.2306066,-0.005262971,1.0792934,0.004492999999999858,-6.95091032776139e-06,-2.0429696969684193e-05,1.0816909,0.016937815,0.016472535,-9.143999999999125e-06,0.016824002585858585,31.99077454717494,34.8727843939394,11.447006333333357,batch1,True,3.0060379549973173,-4.0407934,-1.5235528,-1.8748239
24,1017.0,6C(40%)-3C,0.000115169496,-0.031842113,-0.013873506,-0.3388631,-1.2741883,-0.004206896,1.0745355,0.004539499999999919,2.024258503404202e-06,-7.403393939390621e-05,1.0776314,0.016687831,0.016390581,-4.86200000000131e-06,0.016587448888888887,33.378063951824195,36.866496545454545,12.147216,batch1,True,3.0073209529227447,-3.9386625,-1.4969981,-1.8578137
25,854.0,6C(40%)-3C,9.378018e-05,-0.029441178,-0.01240619,-0.35793522,-1.2413936,-0.0036280155,1.0752345,0.004678599999999866,5.129313543537691e-07,-3.2210303030278535e-05,1.0780438,0.016699277,0.016397864,-1.1263999999996943e-05,0.0165961417979798,33.848557073949294,37.990239878787875,12.130126666666674,batch1,True,2.931457870689005,-4.027889,-1.5310448,-1.9063616
26,870.0,6C(40%)-3.6C,0.00016024332,-0.038354456,-0.017850157,-0.11706792,-1.2766702,-0.0071519613,1.0876514,0.003894800000000087,-1.5210461348171886e-05,-9.834424242422726e-05,1.0893713,0.016376387,0.016129743,1.2887999999999095e-05,0.016285491838383837,33.15641406115227,36.41381293939394,10.764819666666668,batch1,True,2.9395192526186187,-3.7952201,-1.4161842,-1.748358
27,842.0,6C(40%)-3.6C,0.00014005441,-0.035832107,-0.015514188,-0.28951854,-1.2368249,-0.0054404736,1.0790461,0.003953399999999885,-1.0758799010522246e-05,-1.3313333333314716e-05,1.0810226,0.016174601,0.015953196,3.187999999999802e-05,0.01609890666666667,33.89497000372245,37.51131004040404,10.796985333333323,batch1,True,2.9253120914996495,-3.8537033,-1.4457277,-1.809271
28,860.0,6C(50%)-3C,0.00014298424,-0.037213504,-0.01669812,-0.14263363,-1.2384824,-0.006957531,1.0777475,0.003846999999999934,-7.72668027211854e-06,-3.4805454545465235e-05,1.0796947,0.016742077,0.016467512,6.377100000000066e-05,0.01668003754545454,33.773800525042,37.491157878787874,11.129907333333346,batch1,True,2.934498451243568,-3.8447118,-1.4292995,-1.7773324
29,917.0,6C(50%)-3C,0.00014511698,-0.036868393,-0.016600525,-0.13762999,-1.278518,-0.0065265894,1.0794537,0.004349200000000053,-5.2127198515832756e-06,-3.7264242424251545e-05,1.0818107,0.016626336,0.016308507,1.7818000000002776e-05,0.016545523626262625,32.70415601771739,35.39940990909091,11.179535333333334,batch1,True,2.962369335670021,-3.8382819,-1.4333458,-1.7798781
30,709.0,6C(50%)-3.6C,0.00018001173,-0.040815413,-0.017719124,-0.2851915,-1.2269912,-0.0061376095,1.0798637,0.003954500000000083,-1.6368218923945e-05,-3.7458181818166865e-05,1.0814074,0.016072329,0.015838005,5.842799999999926e-05,0.01600942625252525,33.54008830692456,36.797617333333335,10.130179666666669,batch1,True,2.8506462351830666,-3.7446992,-1.3891758,-1.7515577
31,876.0,6C(50%)-3.6C,0.00016682742,-0.039478183,-0.017983591,-0.11073258,-1.2421229,-0.0078725815,1.0946392,0.003694199999999981,-2.6201082251087996e-05,-4.080121212119795e-05,1.0953494,0.016952254,0.016684072,1.0658000000000195e-05,0.016865566141414143,30.375396745150564,30.709141161616163,10.11367266666668,batch1,True,2.9425041061680806,-3.7777326,-1.4036429,-1.7451236
32,731.0,6C(60%)-3C,0.00022570258,-0.04556626,-0.020730274,-0.15565608,-1.2794471,-0.008212328,1.0778366,0.003820099999999993,-1.2776272108846326e-05,-3.8354545454525127e-05,1.0793804,0.016239462,0.015933495,5.134400000000178e-05,0.016167064252525253,33.08050304573434,36.23561784848484,10.096438,batch1,True,2.8639173769578603,-3.6464634,-1.3413566,-1.6833949
33,757.0,6C(60%)-3C,0.00021524962,-0.04490173,-0.021651568,0.064831905,-1.2327429,-0.010515571,1.0924908,0.004335399999999989,-2.1812165739027443e-05,-4.61387878787757e-05,1.0937657,0.016591828,0.016214989,-1.720699999999825e-05,0.016483775656565655,33.67169761442224,37.731304424242424,10.146428666666663,batch1,True,2.8790958795000727,-3.6670575,-1.347737,-1.6645106
34,742.0,7C(30%)-3.6C,0.00014170456,-0.037218153,-0.016080359,-0.1509017,-1.1798995,-0.005515337,1.0766174,0.004865000000000119,-3.129647495382904e-07,-3.0090909090890452e-05,1.0794187,0.0169825,0.016567618,-2.8376000000000096e-05,0.01685519708080808,32.66455167507311,36.08252629292929,11.06793699999998,batch1,True,2.870403905279027,-3.8486161,-1.4292452,-1.7937043
35,703.0,7C(30%)-3.6C,0.00016880839,-0.039152086,-0.018223343,-0.09448677,-1.2999237,-0.0071879625,1.0707464,0.00507919999999995,3.1953209647418687e-06,-2.6306666666631498e-05,1.0739936,0.017059039,0.016647711,3.243499999999733e-05,0.016967092292929295,32.09733437854189,34.87752171717172,11.05119499999999,batch1,True,2.846955325019824,-3.772606,-1.407245,-1.7393719
36,704.0,7C(40%)-3C,0.00021404182,-0.044621408,-0.021042354,-0.02411974,-1.2877295,-0.009246826,1.0778315,0.004527799999999971,-7.183043908481672e-06,-4.102181818178106e-05,1.0802411,0.016480684,0.016229769,8.785199999999938e-05,0.016437746262626264,32.04688205693082,33.970878757575754,11.524843333333349,batch1,True,2.847572659142112,-3.6695013,-1.3504567,-1.6769056
37,648.0,7C(40%)-3C,0.0002118659,-0.044544756,-0.019436823,-0.2364759,-1.2637733,-0.0067567825,1.0748194,0.004472400000000043,-9.680958565251233e-06,-4.378787878784904e-05,1.0768065,0.016607935,0.016318144,6.718000000000002e-05,0.01654642202020202,32.95969887229894,36.05156987878787,11.57439200000002,batch1,True,2.8115750058705933,-3.673939,-1.3512034,-1.7113748
38,617.0,7C(40%)-3.6C,0.00036893666,-0.056415617,-0.026764195,-0.06381009,-1.3483478,-0.012114048,1.0729513,0.003646500000000108,-9.437124304276526e-06,-7.1606060606069525e-06,1.0749754,0.016260354,0.016066672,8.89640000000004e-05,0.01621205696969697,33.69474656343401,37.29856363636363,10.243066666666685,batch1,True,2.7902851640332416,-3.4330482,-1.2486006,-1.5724458
39,625.0,7C(40%)-3.6C,0.00031294374,-0.053143978,-0.024440043,-0.15250237,-1.2771895,-0.009724379,1.0817773,0.004689399999999955,-3.294477427334945e-06,-2.5559393939369844e-05,1.0847629,0.016743599,0.016519627,9.157099999999863e-05,0.016691104555555555,33.50643317156701,37.403860242424244,10.258443000000007,batch1,True,2.7958800173440754,-3.5045338,-1.2745459,-1.6118981
40,966.0,8C(15%)-3.6C,8.806173e-05,-0.02909571,-0.012628808,-0.2485044,-1.2414943,-0.0051648617,1.0833029,0.004503299999999877,-8.204863327152912e-06,-4.214606060603227e-05,1.0857353,0.016756468,0.016480761,6.656899999999896e-05,0.01667927321212121,33.45968416375564,37.756139949494944,12.071222666666685,batch1,True,2.9849771264154934,-4.055213,-1.5361711,-1.8986377
41,1051.0,8C(15%)-3.6C,8.4817606e-05,-0.028506339,-0.0123585705,-0.23135577,-1.2429492,-0.004392028,1.0789614,0.0049074999999998425,-1.3855287569490846e-07,-3.1887272727260766e-05,1.0821686,0.016856873,0.016552322,-9.889999999998511e-07,0.016744890505050507,33.07332253245542,36.8232453030303,12.087368000000005,batch1,True,3.021602716028242,-4.071514,-1.5450586,-1.9080317
42,702.0,8C(25%)-3.6C,0.00021584608,-0.044709623,-0.020599209,-0.107694305,-1.3162416,-0.008207917,1.0798725,0.004959500000000006,2.1135980210312363e-06,-3.262545454544213e-05,1.0832821,0.0167679,0.016511114,0.00010331400000000018,0.01671562283838384,33.58506724391689,37.673212,11.171093666666682,batch1,True,2.846337112129805,-3.665856,-1.349599,-1.6861495
43,651.0,8C(25%)-3.6C,0.0002148923,-0.04460585,-0.019165628,-0.23725323,-1.3026125,-0.0063835382,1.0682389,0.003432099999999938,-2.4014810142239647e-05,-3.969454545451865e-05,1.0688359,0.016111452,0.015904058,0.00012785400000000016,0.016104855565656565,33.339782658681436,36.82060524242424,11.170874333333334,batch1,True,2.813580988568192,-3.6677792,-1.3506081,-1.717477
44,616.0,8C(35%)-3.6C,0.0003795771,-0.05879706,-0.029329093,0.13907994,-1.2892848,-0.015959859,1.0847682,0.0035623999999998546,-3.3615460729754745e-05,-5.139272727272004e-05,1.0847102,0.017436398,0.017142953,0.00015277100000000293,0.01741384996969697,32.55333216968653,35.79095866666667,10.271104333333334,batch1,True,2.7895807121644256,-3.4207,-1.2306443,-1.5327014
45,599.0,8C(35%)-3.6C,0.0003755846,-0.05940354,-0.028866086,0.11519718,-1.2803928,-0.015948892,1.0839558,0.004482499999999945,-1.2920053184909429e-05,-3.89696969696541e-05,1.0858277,0.016685704,0.016382927,0.00015038399999999993,0.016674251585858585,33.0005473910965,36.69642807070708,10.254465333333325,batch1,True,2.7774268223893115,-3.4252923,-1.2261877,-1.539612
0,477.0,5.2C(58%)-4C,0.00032563807,-0.05506128,-0.025801001,-0.031432196,-1.242569,-0.012335539,1.1020051,0.008113500000000107,1.3737568336423102e-05,-0.00013864606060605511,1.1052729,0.017402707,0.017083954,6.96420000000017e-05,0.017335808494949492,31.808470926230026,35.36620380400637,10.173733999999968,batch2,True,2.678518379040114,-3.4872649,-1.2591537,-1.5883634
1,491.0,5.6C(26%)-4.5C,0.000503441,-0.066114664,-0.035595007,0.31749693,-1.1591036,-0.023612738,1.1057826,0.003575800000000129,-3.290422139765217e-05,-0.0003579678787878946,1.1015422,0.01817438,0.017313389,-0.0006942100000000007,0.01755231991919192,33.60099815475848,36.451634705216804,10.192646000000046,batch2,True,2.6910814921229687,-3.2980514,-1.1797022,-1.4486109
2,424.0,5.2C(50%)-4.25C,0.00034653858,-0.052717805,-0.025013387,-0.15525383,-1.403755,-0.009258747,1.0753863,0.00516020000000017,-5.3960603586889845e-06,-9.64369696969678e-05,1.0728362,0.016669566,0.016255558,-9.869800000000123e-05,0.01646109804040404,33.17566129490617,37.429077970616994,10.175071333333326,batch2,True,2.6273658565927325,-3.4602485,-1.2780427,-1.6018275
3,499.0,4.65C(44%)-5C,0.00031897528,-0.055868447,-0.020089881,-0.68652326,-0.813262,-0.0039838552,1.0959566,0.012060699999999924,7.592857884972214e-05,-0.00032400666666664127,1.1003293,0.016083341,0.015764765,-3.5558000000001505e-05,0.01591516953535354,33.93805810095692,38.772733971659186,10.173250333333367,batch2,True,2.6981005456233897,-3.496243,-1.2528334,-1.6970227
4,444.0,4.65C(69%)-6C,0.0005854545,-0.07029718,-0.0347818,-0.010537042,-1.3023522,-0.01898098,1.0899745,0.0008767999999998999,-6.74278280766933e-05,5.9412727272727894e-05,1.0813601,0.017068394,0.01593901,-0.0009035920000000017,0.016186317888888888,33.04820861652687,37.435182660123296,10.222283666666627,batch2,True,2.6473829701146196,-3.2325068,-1.1530621,-1.458648
5,416.0,3.6C(30%)-6C,0.000820575,-0.08614999,-0.046485405,0.36217466,-1.0375623,-0.034731984,1.0989141,0.00013759999999995998,-0.00019484917996290092,-0.0002592648484848376,1.0760076,0.016014345,0.015142022,-0.0007167039999999986,0.015297588929292928,33.01307013030371,37.65087846482749,10.178295333333276,batch2,True,2.6190933306267428,-3.0858817,-1.0647447,-1.3326833
6,393.0,3.6C(9%)-5C,0.000295094,-0.049872518,-0.020824792,-0.4209133,-1.2152711,-0.005146146,1.0885617,0.01149509999999987,6.243813358070164e-05,-0.00018514727272725715,1.090597,0.016595399,0.015897563,-0.0005260630000000002,0.016037468727272727,33.81904518975318,39.79713499833347,10.179130999999906,batch2,True,2.5943925503754266,-3.5300395,-1.3021387,-1.6814194
7,777.0,4.8C(80%)-4.8C-newstructure,5.8658374e-05,-0.021737993,-0.008823101,-0.3734544,-1.3266383,-0.0006375313,1.0904776,0.015110199999999852,5.34699393939431e-05,7.010424242424233e-05,1.09727,0.014809063,0.014716571,1.3403999999999847e-05,0.014790622575757575,33.769687089746824,37.14950685044426,10.037040333333376,batch2,True,2.890421018800914,-4.23167,-1.6627805,-2.0543787
8,904.0,5.2C(58%)-4C-newstructure,7.8990975e-05,-0.027841091,-0.0112034185,-0.4454249,-0.95103073,-0.0044214725,1.0906329,0.003211000000000075,-4.812921076067263e-05,5.035212121211859e-05,1.0909338,0.016484642,0.016342103,3.0228999999999673e-05,0.016466365090909093,33.59868374090274,35.674109782051225,10.04007933333327,batch2,True,2.9561684304753633,-4.1024227,-1.5553137,-1.9506495
9,791.0,5.6C(26%)-4.5C-newstructure,4.52454e-05,-0.019754171,-0.0074469605,-0.052189603,-0.7640817,-0.0045580864,1.0949715,0.004990999999999968,-3.17896042053159e-05,0.00023090060606062817,1.0975486,0.015408114,0.015197206,-5.300199999999991e-05,0.015396235121212121,32.3508526526095,33.58605048865401,10.040580999999946,batch2,True,2.8981764834976764,-4.3444257,-1.7043412,-2.128021
10,492.0,4.8C(80%)-4.8C,0.0003540788,-0.055802464,-0.029520294,0.2632049,-1.2438034,-0.01708436,1.1092782,0.0077312999999998855,5.449445590599305e-05,0.00018856727272728368,1.1162933,0.017335583,0.016884135,-0.00030304700000000073,0.01705791890909091,31.720791269063756,34.35574737651136,10.17126966666663,batch2,True,2.69196510276736,-3.4509,-1.2533466,-1.5298793
11,449.0,5.2C(50%)-4.25C,0.00032704452,-0.0548988,-0.024012635,-0.2220791,-1.2401572,-0.0088118315,1.0959171,0.013548699999999858,0.0001163692838589956,9.1523030303049e-05,1.1086942,0.017361749,0.016784718,1.5793000000000057e-05,0.01721894155555555,33.146477466034135,37.95576609273272,10.17367599999993,batch2,True,2.6522463410033232,-3.485393,-1.2604371,-1.6195602
12,466.0,4.65C(44%)-5C,0.0006792531,-0.077331245,-0.03939759,0.11788275,-1.2407736,-0.023577213,1.1016457,0.006732100000000019,3.124443661099805e-05,3.536969696965711e-06,1.1065857,0.017251369,0.016159201,-0.0010207299999999975,0.01652292034343434,31.314676947956993,33.5953920153671,10.174669333333393,batch2,True,2.66838591669,-3.1679683,-1.111645,-1.4045303
13,460.0,4.65C(69%)-6C,0.00045243095,-0.0646745,-0.034070022,0.3347823,-1.0960045,-0.023000479,1.0954365,0.0021364000000001493,-1.1445944341374407e-05,-5.628484848466331e-06,1.0951428,0.016970724,0.015610993,-0.0010935590000000009,0.016067178222222225,31.946988973926523,35.0716189725971,10.207829000000007,batch2,True,2.662757831681574,-3.3444476,-1.1892669,-1.4676275
14,426.0,3.6C(30%)-6C,0.0007611672,-0.083714426,-0.044555765,0.2888282,-1.0885545,-0.0311625,1.0844886,0.0004899999999998794,-0.00010165705627705981,0.00018378303030302476,1.0776343,0.017186515,0.015952863,-0.000878801999999998,0.016259522828282826,32.123877001585356,35.20046863818076,10.207831333333306,batch2,True,2.629409599102719,-3.11852,-1.0771997,-1.3510962
15,396.0,3.6C(9%)-5C,0.0003046128,-0.050934672,-0.024135286,-0.07187733,-1.3932942,-0.010081887,1.0697494,0.009623699999999902,9.204142609770299e-05,-9.369636363636208e-05,1.0770745,0.017212247,0.016145013,-0.0009618189999999992,0.016303822929292926,32.862747677246595,36.07268366663823,10.174112999999924,batch2,True,2.597695185925512,-3.5162518,-1.2929865,-1.6173476
16,472.0,4.8C(80%)-4.8C,0.0003199772,-0.053254366,-0.026244652,0.0721586,-1.2968602,-0.013458967,1.0945363,0.007131600000000127,-1.5038863327151053e-05,-0.00027128424242421726,1.0940695,0.017776627,0.017414019,-0.0002792050000000011,0.01749052915151515,32.7673986704417,36.992036254667184,10.171980333333341,batch2,True,2.673941998634088,-3.494881,-1.2736448,-1.5809592
17,471.0,5.6C(26%)-4.5C,0.0003159774,-0.052562356,-0.02434634,-0.171584,-1.2841555,-0.009674549,1.0917177,0.018217600000000056,3.904175881261798e-05,-0.00010712606060604737,1.0944375,0.017503092,0.016950201,-0.00042510400000000254,0.017088656323232324,32.988612809790894,34.74907966738554,10.176372333333273,batch2,True,2.673020907128896,-3.500344,-1.2793251,-1.6135663
18,449.0,5.2C(50%)-4.25C,0.00019619922,-0.03974569,-0.01664089,-0.2735795,-1.446413,-0.0022075176,1.0756292,0.01278990000000002,0.00011339298701298232,-8.618181818176322e-05,1.0858426,0.01680507,0.016488669,-4.021899999999759e-05,0.016646742727272724,32.88627829858526,36.40182568496011,10.175029666666669,batch2,True,2.6522463410033232,-3.7073028,-1.40071,-1.7788235
19,392.0,6C(60%)-3C,0.0005105543,-0.065651715,-0.034308206,0.15621269,-1.2820387,-0.019825459,1.0902406,0.010140499999999886,2.198345701916385e-05,-0.00026990424242427034,1.0930592,0.016772689,0.016542695,6.25240000000013e-05,0.016718258151515154,32.770067410122046,36.54883267067881,10.175535333333391,batch2,True,2.593286067020457,-3.291958,-1.1827539,-1.464602
20,489.0,5.2C(58%)-4C,0.0003619883,-0.06050408,-0.024435138,-0.43940312,-0.95867205,-0.008964181,1.0977259,0.006970300000000096,2.8384829931965187e-05,0.00019507030303030578,1.1038647,0.016656091,0.016160993,0.00019093999999999708,0.016610858888888892,33.61911118506716,36.88625705741767,10.172872000000012,batch2,True,2.6893088591236203,-3.4413054,-1.2182153,-1.6119852
21,408.0,6C(60%)-3C,0.0004713255,-0.06446761,-0.03328855,0.19578938,-1.2511448,-0.020442128,1.0985936,0.008365100000000014,3.54682144712379e-05,-0.00043725939393937744,1.1000447,0.017283741,0.017071372,0.00012853800000000096,0.017200276171717172,33.60118814118363,38.660766342322724,10.174583999999935,batch2,True,2.61066016308988,-3.326679,-1.1906585,-1.4777051
24,514.0,4.8C(80%)-4.8C,0.0002286203,-0.045729935,-0.02277148,0.14739196,-1.2469403,-0.011520743,1.0923017,0.009624700000000042,4.325509709338206e-05,0.00021200424242423445,1.1019264,0.016653664,0.016424084,-0.00014084899999999845,0.01651537671717172,33.206377241160645,38.17140352057085,10.170490666666689,batch2,True,2.710963118995276,-3.640885,-1.3397994,-1.6426088
25,493.0,5.2C(58%)-4C,0.0002920936,-0.0505085,-0.023610981,-0.062986396,-1.3538646,-0.009855151,1.098838,0.008213400000000037,3.860060482374109e-05,0.00023772303030302985,1.1063702,0.016827697,0.016576298,2.3801000000000377e-05,0.01674041588888889,32.23848796399698,34.442510549892894,10.172881333333304,batch2,True,2.69284691927723,-3.534478,-1.2966355,-1.626886
26,450.0,5.6C(26%)-4.5C,0.000599717,-0.073308825,-0.03803854,0.23025802,-1.1877112,-0.024822116,1.1043522,0.0028544000000001457,-1.2231956709954299e-05,0.00012981272727274714,1.1065354,0.018412031,0.017513856,-0.0008291710000000001,0.017700572575757578,33.75843376995604,36.91322322353181,10.192329666666629,batch2,True,2.6532125137753435,-3.2220535,-1.1348437,-1.4197762
27,474.0,5.2C(50%)-4.25C,0.0003264348,-0.054491237,-0.02468393,-0.13920166,-1.3553181,-0.009382844,1.0925682,0.01260059999999985,8.32279294990667e-05,7.094909090909041e-05,1.1031471,0.017678261,0.017410973,0.00012275900000000006,0.01758869122222222,33.30411096115286,38.09066395642736,10.174448333333178,batch2,True,2.6757783416740852,-3.4862037,-1.2636733,-1.6075857
28,437.0,4.8C(80%)-4.8C,0.00037721495,-0.056491435,-0.027989333,0.045824725,-1.3911816,-0.0136169195,1.0904486,0.009223800000000004,5.740212987012219e-05,0.00019808787878789312,1.0995919,0.016827082,0.016122971,-0.0006546150000000008,0.016274739303030306,32.143914131113334,35.334859521378185,10.17431633333336,batch2,True,2.640481436970422,-3.4234111,-1.2480174,-1.5530075
29,452.0,5.2C(58%)-4C,0.00031027858,-0.052633524,-0.025322234,0.019297319,-1.3423378,-0.011824369,1.1032062,0.014966599999999941,0.00012008288806432021,-4.4665454545426865e-05,1.1159806,0.016795976,0.016617509,0.00011061700000000035,0.016732251515151515,31.797490897448796,34.43823202248059,10.173121999999905,batch2,True,2.655138434811382,-3.508248,-1.2787375,-1.596498
30,412.0,5.6C(26%)-4.5C,0.0006525149,-0.07552302,-0.03965589,0.2511505,-1.2012565,-0.026528835,1.0946374,0.003826499999999955,-8.503881385281905e-05,-2.8684848484550962e-06,1.092545,0.017830005,0.01667887,-0.001062254999999998,0.016883249333333333,33.81182141567536,37.34308786098118,10.223914333333378,batch2,True,2.6148972160331345,-3.1854095,-1.1219207,-1.4016923
31,425.0,5.6C(26%)-4.5C,0.00044426406,-0.06422883,-0.030624455,0.059274018,-1.1694735,-0.017936349,1.0990092,0.004161300000000034,3.979185899814793e-05,-4.224848484814236e-06,1.1006228,0.016888967,0.015888851,-0.0006819260000000028,0.016325805828282827,33.3758501254003,35.656391701768925,10.177968666666759,batch2,True,2.6283889300503116,-3.3523588,-1.1922699,-1.5139316
32,809.0,4.8C(80%)-4.8C-newstructure,7.3881194e-05,-0.027461171,-0.01338994,0.20779598,-0.9720793,-0.0087451935,1.0881557,0.005788700000000091,-5.568257266543074e-05,2.2404242424256756e-05,1.0874337,0.014826416,0.014739397,-5.889600000000099e-05,0.014811171424242424,32.16894887045923,33.94637920302099,10.041900666666674,batch2,True,2.9079485216122722,-4.131466,-1.561281,-1.8732214
33,1140.0,5.2C(58%)-4C-newstructure,5.866399e-05,-0.024084747,-0.011579541,0.28592056,-0.97614884,-0.009515405,1.0732747,0.0014279999999999848,-0.00012531416326530507,1.4609090909117558e-05,1.0686773,0.015095364,0.014933125,-8.753799999999985e-05,0.014990987444444446,32.74157143407892,34.30263809635044,10.03920333333323,batch2,True,3.0569048513364727,-4.2316284,-1.6182579,-1.9363086
34,1186.0,5.6C(26%)-4.5C-newstructure,3.559712e-05,-0.019142985,-0.008120054,-0.15226847,-0.8874035,-0.0054290295,1.0671737,0.001733100000000043,-5.456295732838533e-05,2.1133939393957e-05,1.0644548,0.015062638,0.014872484,-0.00011882799999999964,0.01495288393939394,35.66789148456313,38.96110461672359,10.040011000000039,batch2,True,3.074084689028244,-4.448585,-1.7179903,-2.090441
41,442.0,5.6C(26%)-4.5C,0.00067241,-0.08093104,-0.03776829,-0.043987323,-1.1480572,-0.021522403,1.1049188,0.005106599999999961,2.399820408163911e-05,-1.5642424242319307e-06,1.108752,,,,,30.193787010451164,32.72284623520075,10.177705666666686,batch2,True,2.645422269349092,-3.172366,-1.0918849,-1.4228727
42,474.0,5.2C(50%)-4.25C,0.00032916397,-0.05416763,-0.029340714,0.35173157,-1.1698092,-0.018151999,1.1024443,0.011393200000000103,8.58334743351909e-05,7.06951515151525e-05,1.1133598,,,,,31.709620029469267,35.574378964676875,10.174918666666732,batch2,True,2.6757783416740852,-3.4825878,-1.2662601,-1.5325294
43,1029.0,4.8C(80%)-4.8C-newstructure,5.3483298e-05,-0.01916486,-0.007778349,0.37364098,-0.78388286,-0.007062912,1.0974334,0.004615400000000047,-7.295969944341338e-05,2.710787878788425e-05,1.0966223,,,,,33.92914533704784,36.97438163334141,10.0362016666667,batch2,True,3.012415374762433,-4.271782,-1.7174944,-2.1091125
44,841.0,5.2C(58%)-4C-newstructure,4.319927e-05,-0.020302236,-0.008750574,-0.23159936,-1.1068729,-0.003950238,1.09659,0.002728300000000017,-2.4462076685226166e-05,0.00011412545454545092,1.0974951,,,,,33.95995836968299,36.8790253111546,10.040366333333369,batch2,True,2.924795995797912,-4.3645234,-1.6924561,-2.0579634
45,997.0,5.6C(26%)-4.5C-newstructure,6.6801316e-05,-0.026670456,-0.011157667,-0.33011577,-0.9304724,-0.005572915,1.1030351,0.0020833999999998465,-7.610656895486652e-05,2.761818181841107e-06,1.0995457,,,,,35.271412144027664,37.86687606904902,10.040267666666622,batch2,True,2.998695158311656,-4.175215,-1.5739696,-1.9524266
46,503.0,4.8C(80%)-4.8C,0.00030983103,-0.052862406,-0.022834297,-0.13392319,-1.2034364,-0.011255145,1.100943,0.006137899999999918,1.9638269635120354e-05,-0.0002017745454545389,1.0998453,,,,,29.88150861827619,31.01220065415558,10.169781000000075,batch2,True,2.7015679850559273,-3.5088751,-1.2768531,-1.6414124
0,1009.0,5C(67%)-4C-newstructure,5.6870256e-05,-0.023311675,-0.010102178,-0.19512132,-1.171884,-0.003767848,1.0674551,0.003916099999999867,-5.346195423627329e-06,-4.185030303030736e-05,1.0694544,0.015398955,0.015180224,-0.00012841200000000136,0.015235852282828284,32.194853230782606,33.560153344027476,10.044530999999989,batch3,True,3.0038911662369103,-4.245115,-1.6324265,-1.995585
1,1063.0,5.3C(54%)-4C-newstructure,5.181519e-05,-0.022324204,-0.009621018,-0.2863695,-1.1239939,-0.0037534237,1.0650603,0.003679599999999894,-1.4719340754479998e-05,-6.469515151511716e-05,1.0664777,0.015162034,0.014931546,-0.00010282300000000015,0.014984559090909092,34.83231929224147,37.98835277556221,10.041138666666567,batch3,True,3.0265332645232967,-4.285543,-1.651224,-2.016779
2,1267.0,5.6C(19%)-4.6C-newstructure,1.661956e-05,-0.008648068,-0.0026131426,1.2545435,1.9709444,-0.0025514364,1.060818,0.0023956999999998896,-2.039117996290143e-05,-6.157393939393195e-05,1.0606135,0.01489381,0.014437579,-0.0004166900000000008,0.014618566616161614,36.79033178065713,40.5242590441136,10.044049666666687,batch3,True,3.1027766148834415,-4.7793803,-2.063081,-2.5828369
3,1115.0,5.6C(36%)-4.3C-newstructure,7.645259e-05,-0.026836634,-0.010705414,-0.47954974,-1.0204008,-0.003719449,1.0628892,0.0026450000000000085,-1.2654854669149493e-05,-7.747878787878698e-05,1.0635946,0.015006617,0.014885032,5.60549999999993e-05,0.014999963767676767,36.08374244976545,39.4408972847914,10.042065333333351,batch3,True,3.0472748673841794,-4.1166077,-1.571272,-1.9703965
4,1048.0,5.6C(19%)-4.6C-newstructure,6.6303175e-05,-0.024810314,-0.01010644,-0.43585956,-1.1081175,-0.0030556917,1.0724765,0.0027884999999998605,-5.233104514541491e-06,-2.376060606059733e-05,1.0738586,0.015246842,0.015085269,-6.733400000000049e-05,0.015129103909090906,32.11715379681872,32.98110366119803,10.045031333333366,batch3,True,3.0203612826477078,-4.178466,-1.6053678,-1.9954019
5,828.0,5.6C(36%)-4.3C-newstructure,7.683798e-05,-0.025445104,-0.011445766,-0.16298161,-1.2847291,-0.0035167933,1.0514506,0.0026052000000000852,-1.602090043290672e-05,-6.302727272728588e-05,1.0518515,0.015374157,0.015130546,-0.00016723399999999874,0.01518261805050505,35.56013985266867,39.69079276471186,10.041910000000012,batch3,True,2.9180303367848803,-4.114424,-1.5943958,-1.9413551
6,667.0,3.7C(31%)-5.9C-newstructure,0.00029805183,-0.053201675,-0.028517563,0.48315892,-0.86707807,-0.022159934,1.0626124,0.00045920000000010397,-0.00020239778849721857,-0.00024328727272725413,1.04378,0.013527169,0.013527169,0.00032014799999999927,0.013730660939393938,34.1072055276095,36.98765147763979,10.06247166666663,batch3,True,2.824125833916549,-3.5257082,-1.2740747,-1.5448875
7,1836.0,4.8C(80%)-4.8C-newstructure,3.2453223e-05,-0.017059028,-0.007037779,-0.3407828,-1.2007632,-0.0021311045,1.0675218,0.003397199999999989,-2.3574483611684012e-06,-6.748666666664887e-05,1.0684743,0.015535541,0.015372629,-3.5402999999999823e-05,0.015428265515151515,32.79694473003086,34.27477909930834,11.041577333333311,batch3,True,3.2638726768652235,-4.4887424,-1.7680457,-2.1525643
8,828.0,5C(67%)-4C-newstructure,8.094615e-05,-0.026848972,-0.011806367,-0.21507283,-1.2791528,-0.0034103394,1.0647362,0.003978199999999932,-3.3089511440999366e-06,-3.7736969696956066e-05,1.067026,0.015438134,0.01520093,-0.00017268099999999918,0.015253319353535355,33.05552416009523,35.07929651965403,10.044950000000002,batch3,True,2.9180303367848803,-4.091804,-1.5710723,-1.9278837
9,1039.0,5.3C(54%)-4C-newstructure,0.00010416047,-0.029575288,-0.014478011,-0.055848487,-1.3472164,-0.0049672127,1.0694826,0.00388809999999995,6.680531849009033e-07,-8.253333333326548e-06,1.0724456,0.015903223,0.015742281,-2.9396000000000977e-05,0.0157985837979798,33.08832983925303,35.09617884754773,10.041749333333332,batch3,True,3.016615547557177,-3.9822972,-1.529071,-1.8392911
10,1078.0,4.8C(80%)-4.8C-newstructure,3.8783215e-05,-0.019093037,-0.008335182,-0.2449564,-1.1918749,-0.0031614304,1.0617746,0.003226200000000068,-2.8759653679692127e-06,-0.00011395212121210282,1.0623909,0.015551002,0.015318613,-0.00014386399999999876,0.01537307471717172,32.5348014795901,34.79216549532189,11.045003333333321,batch3,True,3.03261876085072,-4.411356,-1.719125,-2.0790849
11,817.0,5.6C(19%)-4.6C-newstructure,0.00013034036,-0.03408742,-0.015620691,-0.14019243,-1.265607,-0.005870819,1.0680679,0.0026927999999999397,-1.768216573902569e-05,-3.901878787878881e-05,1.0682998,0.015608084,0.015485173,-4.955999999999884e-05,0.015524714272727273,34.20373702283128,37.60932852326845,10.042218333333295,batch3,True,2.9122220565324155,-3.884921,-1.4674059,-1.8062998
12,932.0,5.6C(36%)-4.3C-newstructure,0.00011303426,-0.031734884,-0.015314892,0.009007564,-1.2833713,-0.006072402,1.0741653,0.002777699999999994,-6.679463203461713e-06,-2.3809696969675596e-05,1.0755343,0.016139418,0.01599754,-4.0385999999999894e-05,0.016047835363636364,33.2205731520236,35.542101100869175,10.04249166666661,batch3,True,2.9694159123539814,-3.94679,-1.498463,-1.8148861
13,816.0,5.6C(19%)-4.6C-newstructure,8.045141e-05,-0.027646065,-0.01176548,-0.25826845,-1.1979399,-0.0034193993,1.065558,0.004086699999999999,-1.2185193568339259e-05,-4.978545454542648e-05,1.067306,0.015250437,0.01506449,-0.00014514099999999967,0.015128562717171716,34.11768528185422,37.233278981795394,10.042319666666685,batch3,True,2.9116901587538613,-4.094466,-1.5583667,-1.9293903
14,858.0,5.6C(36%)-4.3C-newstructure,0.00010007655,-0.029282391,-0.013203558,-0.19204278,-1.3198366,-0.0038363934,1.0727056,0.005038600000000004,4.636107606676659e-06,-1.6985454545440357e-05,1.0763919,0.015668793,0.015496999,-7.740999999999998e-05,0.015551921989898992,33.11953606667905,35.48777029470216,10.041712000000018,batch3,True,2.9334872878487053,-3.9996676,-1.5333935,-1.879309
15,876.0,5.9C(15%)-4.6C-newstructure,9.9842524e-05,-0.029484332,-0.013340332,-0.15382363,-1.2842654,-0.0042746067,1.0684187,0.002858699999999992,-1.156462213976701e-05,-7.973333333334391e-05,1.0693594,0.015417448,0.01525728,-9.027200000000062e-05,0.015306011222222221,33.51055049283859,36.80771071001127,10.041533666666655,batch3,True,2.9425041061680806,-4.0006843,-1.5304087,-1.8748333
16,1638.0,4.8C(80%)-4.8C-newstructure,2.020628e-05,-0.013451993,-0.0053233,-0.05327307,-0.88863134,-0.0029836893,1.061009,0.0033308999999999145,-9.691301175020144e-06,-8.315333333333329e-05,1.0625579,0.015453937,0.015253145,-0.00012093599999999857,0.015311050717171716,34.94134876933804,37.832425406113444,11.04336633333335,batch3,True,3.2143138974244,-4.694514,-1.8712133,-2.273819
17,1315.0,5.3C(54%)-4C-newstructure,3.6331803e-05,-0.017882407,-0.0072362167,0.0166973,-0.8152399,-0.0044178963,1.0664514,0.002599599999999924,-5.833125541127699e-06,-1.998424242425693e-05,1.0664585,0.015524552,0.01535425,-0.00016227499999999992,0.015443586646464644,35.07228784758459,37.40160198756502,10.041974333333346,batch3,True,3.1189257528257768,-4.439713,-1.7475741,-2.1404884
18,1146.0,5.6C(19%)-4.6C-newstructure,5.5711906e-05,-0.023455739,-0.010342257,-0.22896157,-1.0571239,-0.005007863,1.0680237,0.0021301000000000236,-2.9274941249231027e-05,-7.005818181819578e-05,1.0670015,0.015098186,0.014978203,-3.7439999999999696e-05,0.015015526535353539,35.2914180269327,37.97024186611959,10.043129666666696,batch3,True,3.059184617631371,-4.254052,-1.6297508,-1.9853847
19,1155.0,5.6C(36%)-4.3C-newstructure,6.730666e-05,-0.025293648,-0.0115454765,-0.12087874,-1.111882,-0.0055211782,1.0719248,0.0019749000000000017,-2.9691358070503326e-05,-7.901090909089641e-05,1.0708553,0.015555796,0.015178323,-4.249000000000093e-05,0.01546349318181818,35.09835953689969,37.876070766588285,10.043436999999928,batch3,True,3.062581984228163,-4.1719418,-1.5969886,-1.9375881
20,813.0,5C(67%)-4C-newstructure,8.583319e-05,-0.028072,-0.011919384,-0.3395299,-1.1827998,-0.0034843683,1.0650502,0.0030607000000000273,-7.154074211501462e-06,-4.072121212121759e-05,1.0664401,0.015409848,0.015206913,-7.635700000000085e-05,0.015263322232323233,33.10212248197412,35.739254750947524,10.04332966666664,batch3,True,2.910090545594068,-4.0663447,-1.5517267,-1.9237462
21,772.0,3.7C(31%)-5.9C-newstructure,0.00019754833,-0.04327613,-0.023538705,0.50613964,-0.8460882,-0.01833582,1.0678563,0.0008403999999999634,-0.00015949170191713387,-0.00019249454545454238,1.0538316,0.013943589,0.01394002,0.00023393700000000003,0.014093014131313133,34.900399416468076,37.9177756860133,10.067868000000017,batch3,True,2.887617300335736,-3.7043266,-1.3637515,-1.6282175
22,1002.0,5.9C(60%)-3.1C-newstructure,8.977958e-05,-0.028409362,-0.013722549,0.052921694,-1.2689736,-0.0059500933,1.0562643,0.002844599999999975,-1.5988764378479508e-05,-5.2859393939384846e-05,1.0569046,0.015852775,0.015614755,-0.00012298300000000012,0.015685687353535354,34.61069656408486,37.5322343873043,10.043384333333282,batch3,True,3.0008677215312267,-4.0468225,-1.5465385,-1.8625652
24,825.0,5C(67%)-4C-newstructure,6.994315e-05,-0.024772406,-0.010345481,-0.3357488,-1.2618532,-0.0020110607,1.0462732,0.004855700000000018,9.650588744579704e-06,-5.4730303030286756e-05,1.050084,0.015751192,0.01550305,-0.0001505590000000015,0.015554037858585858,34.68760501613314,37.236331842653044,10.042240333333272,batch3,True,2.916453948549925,-4.155255,-1.6060318,-1.9852493
25,989.0,5.3C(54%)-4C-newstructure,7.1357426e-05,-0.026576221,-0.010925819,-0.36635178,-1.073334,-0.0034259558,1.0611302,0.004340299999999964,6.95084353740761e-06,-5.590848484845702e-05,1.0643663,0.015752004,0.015591009,-4.924599999999932e-05,0.015641851515151513,35.58186389191699,38.88624032121534,10.041598333333386,batch3,True,2.9951962915971793,-4.1465607,-1.5755068,-1.961546
26,1028.0,5.6C(19%)-4.6C-newstructure,6.0324342e-05,-0.024179101,-0.010139591,-0.34215605,-1.0604827,-0.0041202307,1.0720186,0.0037909000000000415,-4.2884230055910654e-07,-4.365515151513884e-05,1.074435,0.015693368,0.015538619,-4.2369000000000434e-05,0.015593572727272726,35.745916536891265,39.14135891629517,10.041816666666708,batch3,True,3.011993114659257,-4.219507,-1.6165599,-1.9939796
27,850.0,5.6C(36%)-4.3C-newstructure,7.410844e-05,-0.026600301,-0.0107099125,-0.36115482,-1.1141478,-0.0028959513,1.0604171,0.004035500000000081,-4.035370439091633e-06,-4.64927272727223e-05,1.0627574,0.015073455,0.014868693,-9.954799999999965e-05,0.014919440515151516,35.30844806776433,38.44588898200405,10.045022333333327,batch3,True,2.929418925714293,-4.130132,-1.5751134,-1.9702141
28,541.0,3.7C(31%)-5.9C-newstructure,0.0003534615,-0.05783111,-0.03025612,0.2996424,-0.9803014,-0.02167499,1.0518668,0.0008316999999999908,-0.00019802208534323788,-0.0002672533333333295,1.0340093,0.013169404,0.013169404,0.00043592300000000125,0.01342088496969697,35.69688828820833,39.55791836716047,10.05914166666674,batch3,True,2.7331972651065692,-3.4516578,-1.2378385,-1.5191867
29,858.0,5.9C(15%)-4.6C-newstructure,8.638212e-05,-0.028921485,-0.011300574,-0.34844953,-1.1797571,-0.0026860237,1.0663688,0.0048319999999999474,4.077620284469823e-06,-5.961212121210684e-05,1.0696349,0.014962286,0.014745088,-0.00016551100000000013,0.014824126747474747,31.262889334066085,31.680285422399457,10.041687666666647,batch3,True,2.9334872878487053,-4.063576,-1.5387794,-1.9468995
30,935.0,5.3C(54%)-4C-newstructure,7.939155e-05,-0.026737213,-0.011137571,-0.38731146,-1.1369089,-0.0034418106,1.0687393,0.0036004999999998955,-3.416536796538623e-06,-3.100909090908685e-05,1.0710108,0.015732529,0.015509814,-0.00011412599999999912,0.015572678929292929,32.24311941023021,33.95640656351435,10.043678666666674,batch3,True,2.9708116108725178,-4.100226,-1.5728838,-1.9532095
31,731.0,5.9C(60%)-3.1C-newstructure,0.00014467613,-0.035619378,-0.016350545,-0.12085319,-1.2916363,-0.005812168,1.0681812,0.0034605000000000885,-8.999562152142092e-06,-3.540727272727963e-05,1.0698149,0.015983483,0.015812302,-2.983200000000047e-05,0.015875272090909092,34.00003070157337,36.77304266866142,10.046477666666663,batch3,True,2.8639173769578603,-3.8396032,-1.4483137,-1.7864678
33,1284.0,5C(67%)-4C-newstructure,4.0188483e-05,-0.019885898,-0.007848679,-0.42003495,-1.0089253,-0.0030397177,1.060272,0.00264439999999988,-1.2591045145327982e-05,-5.687757575756601e-05,1.0609198,0.015511206,0.015279103,-0.00015399299999999984,0.015340797171717173,33.10710984192206,34.284327507895505,10.043301333333366,batch3,True,3.1085650237328344,-4.3958983,-1.7014548,-2.1052034
34,1158.0,5.3C(54%)-4C-newstructure,4.946982e-05,-0.021509886,-0.009552006,-0.18408026,-1.155814,-0.0039006472,1.061535,0.0027430999999999983,-2.115797278911648e-05,-7.765757575756602e-05,1.0615493,0.015438841,0.015220164,-0.00010690799999999931,0.015302312080808081,35.77943527518051,38.98815031750086,10.044184666666649,batch3,True,3.0637085593914173,-4.30566,-1.6673619,-2.0199053
35,1093.0,5.6C(19%)-4.6C-newstructure,5.822931e-05,-0.023028076,-0.009826425,-0.29633602,-1.1528183,-0.0033997297,1.0633804,0.002049399999999979,-1.9530938775499548e-05,-4.98127272727379e-05,1.0632331,0.01549053,0.015308049,-7.601500000000046e-05,0.01537437201010101,35.532941501822236,38.53730929443863,10.043148666666676,batch3,True,3.038620161949703,-4.2348585,-1.6377424,-2.0076044
36,923.0,5.6C(36%)-4.3C-newstructure,5.5788172e-05,-0.022981822,-0.009908357,-0.25112146,-1.0968264,-0.003765583,1.0575287,0.003076099999999915,-2.19719196042147e-05,-5.9386060606042276e-05,1.0577667,0.015267849,0.015083324,-8.82880000000006e-05,0.0151344318989899,35.87907157748097,39.38680749559564,10.043801000000046,batch3,True,2.965201701025912,-4.253458,-1.6386155,-2.0039983
37,1390.0,4.8C(80%)-4.8C-newstructure,7.96424e-06,-0.008439839,-0.0010767964,1.132271,3.4189878,0.0012798309,1.0465839,0.012100800000000023,-2.0516487322284576e-06,-6.313090909088895e-05,1.0483961,0.014924189,0.01243343,-0.00013295699999999952,0.014715773414141417,35.01461049108638,37.82132622347397,11.038556666666702,batch3,True,3.143014800254095,-5.0988555,-2.0736659,-2.9678664
38,1935.0,5C(67%)-4C-newstructure,4.5493263e-05,-0.020147026,-0.008693085,-0.054164317,-1.176887,-0.003795743,1.0701473,0.0025093000000000476,-8.787589363018037e-06,-6.18818181818513e-05,1.0710695,0.015988033,0.015742945,-0.00011589700000000022,0.01583589924242424,34.745836319764145,37.739090670595026,10.044471,batch3,True,3.28668096935493,-4.342053,-1.6957891,-2.060826
39,1156.0,5.3C(54%)-4C-newstructure,3.5104662e-05,-0.017457902,-0.00642844,-0.2925383,-1.0030135,-0.001619935,1.0474036,0.004107000000000083,-6.583238095234736e-06,-2.4110303030253923e-05,1.0495038,0.015740704,0.015480768,-0.00015527400000000038,0.015563160080808082,33.887021839840784,36.074946023996944,10.043833000000012,batch3,True,3.0629578340845103,-4.454635,-1.7580079,-2.1918943
40,796.0,5.6C(19%)-4.6C-newstructure,5.068644e-05,-0.022053778,-0.009078863,-0.31543028,-1.1385134,-0.002503872,1.0593235,0.004510000000000014,-7.692147186152365e-06,-4.8289696969684994e-05,1.0617574,0.015561919,0.015254971,-0.00023430500000000062,0.015390749383838383,34.05341123035083,37.527810173662246,10.043562999999995,batch3,True,2.900913067737669,-4.2951083,-1.656517,-2.0419686
41,786.0,5.6C(36%)-4.3C-newstructure,6.0324095e-05,-0.024192989,-0.009748051,-0.3571332,-1.0631312,-0.0032289028,1.0505219,0.004361900000000141,9.732244897959214e-06,-5.0647272727267464e-05,1.0541531,0.01854171,0.017006677,-0.00017313199999999945,0.018306992535353537,33.640262798950594,36.62919119540175,10.042974333333357,batch3,True,2.895422546039408,-4.219509,-1.6163105,-2.0110822
42,1642.0,4.8C(80%)-4.8C-newstructure,4.506143e-05,-0.0056098104,0.0007845211,1.9865725,2.9202476,-0.0004531145,1.0669198,0.0030687000000000353,1.8104885590530725e-06,-2.3201212121192028e-05,1.0689646,0.016376682,0.015753616,-0.0005620929999999996,0.016131830323232323,33.03326599301577,35.57262282220451,11.038937333333307,batch3,True,3.215373152783422,-4.346195,-2.251052,-3.1053953
43,1046.0,5C(67%)-4C-newstructure,4.8222755e-05,-0.012976348,-0.0032660565,0.9693084,0.84681463,-0.0013777018,1.0701852,0.0031487999999999516,3.0410142238753474e-06,-4.3981212121216545e-05,1.0724185,0.015843671,0.015550403,-0.00014502799999999844,0.015828501373737373,33.89526904792961,36.95614928561784,10.043887666666608,batch3,True,3.0195316845312554,-4.316748,-1.8868475,-2.4859762
44,940.0,5.3C(54%)-4C-newstructure,7.387618e-05,-0.025985122,-0.01123106,-0.24461655,-1.2383958,-0.003135085,1.06972,0.004184900000000047,4.689736549157763e-06,-1.7926666666673032e-05,1.0729284,0.015722955,0.01551657,-0.00010574500000000084,0.015572503777777776,33.35164903826186,36.336163666791506,10.043435666666628,batch3,True,2.9731278535996988,-4.1314955,-1.5852753,-1.9495792
45,1801.0,4.8C(80%)-4.8C-newstructure,3.014041e-05,-0.016478002,-0.0071317516,-0.32814357,-1.1771281,-0.0026775599,1.0695485,0.0025961999999999374,-1.2584539270884862e-07,-7.1878787878864366e-06,1.0711251,0.015742011,0.015557319,-7.953999999999947e-05,0.015618692474747477,32.72596355233115,34.6817726725469,11.037649999999994,batch3,True,3.2555137128195333,-4.5208507,-1.7830955,-2.1468039
