batch,cell_id,cycle_life,policy,n_cycles,special,unfinished,lower_bound,valid,c1,switch,c2,avg_c,t80_min,newstructure,base_policy,qd10,early_slope,tavg_mean,tmax_mean,chargetime_mean
batch1,0,1190.0,3.6C(80%)-3.6C,1189,False,False,True,True,3.6,0.8,3.6,3.6,13.333333333333334,False,3.6C(80%)-3.6C,1.0744922,-9.638169245191627e-06,31.603747328822767,35.376748303030304,13.374893999999992
batch1,1,1179.0,3.6C(80%)-3.6C,1178,False,False,True,True,3.6,0.8,3.6,3.6,13.333333333333334,False,3.6C(80%)-3.6C,1.0800153,-1.7117038209093352e-05,31.33031430692745,34.16065478787879,13.409150000000002
batch1,2,1177.0,3.6C(80%)-3.6C,1176,False,False,True,True,3.6,0.8,3.6,3.6,13.333333333333334,False,3.6C(80%)-3.6C,1.0839587,-9.056368963898387e-06,31.47958411321121,34.54464383838384,13.358242333333328
batch1,3,1226.0,4C(80%)-4C,1225,False,False,True,True,4.0,0.8,4.0,4.0,12.0,False,4C(80%)-4C,1.0840378,-7.432201125173552e-06,29.942198807956427,30.662263141414144,12.025139666666671
batch1,4,1227.0,4C(80%)-4C,1226,False,False,True,True,4.0,0.8,4.0,4.0,12.0,False,4C(80%)-4C,1.0816935,-5.424419831223827e-06,31.44888383416564,34.38251588888889,12.041850666666674
batch1,5,1074.0,4.4C(80%)-4.4C,1073,False,False,False,True,4.4,0.8,4.4,4.4,10.90909090909091,False,4.4C(80%)-4.4C,1.0799831,-1.0850114861690405e-05,30.92149771366389,33.02000678787879,10.967849666666668
batch1,6,636.0,4.8C(80%)-4.8C,635,False,False,False,True,4.8,0.8,4.8,4.8,10.000000000000002,False,4.8C(80%)-4.8C,1.08091,-3.430192100328216e-05,32.27384521945563,35.79263145454546,10.07647899999999
batch1,7,870.0,4.8C(80%)-4.8C,869,False,False,False,True,4.8,0.8,4.8,4.8,10.000000000000002,False,4.8C(80%)-4.8C,1.0974988,-2.4763608766992992e-05,31.99008450921703,35.32269474747474,10.02508166666667
batch1,9,1054.0,5.4C(40%)-3.6C,1053,False,False,False,True,5.4,0.4,3.6,4.32,11.11111111111111,False,5.4C(40%)-3.6C,1.086799,-1.0766912798877757e-06,32.64153361126789,35.98493365656566,11.207955999999994
batch1,11,788.0,5.4C(50%)-3C,787,False,False,False,True,5.4,0.5,3.0,4.153846153846154,11.555555555555555,False,5.4C(50%)-3C,1.0581003,-8.250643459914389e-06,32.75932260623101,36.23175358585859,11.668875999999988
batch1,14,880.0,5.4C(60%)-3C,879,False,False,False,True,5.4,0.6,3.0,4.499999999999999,10.666666666666668,False,5.4C(60%)-3C,1.0750496,3.0230578996770163e-06,33.07746279993842,36.63094507070707,10.764334
batch1,15,719.0,5.4C(60%)-3C,718,False,False,False,True,5.4,0.6,3.0,4.499999999999999,10.666666666666668,False,5.4C(60%)-3C,1.066329,1.911692451946971e-06,33.147720104395674,37.05618863636363,10.797705666666673
batch1,16,862.0,5.4C(60%)-3.6C,861,False,False,False,True,5.4,0.6,3.6,4.8,10.000000000000002,False,5.4C(60%)-3.6C,1.0855736,-2.944210032801384e-07,32.41716254671688,35.85141423232323,10.11310766666668
batch1,17,857.0,5.4C(60%)-3.6C,856,False,False,False,True,5.4,0.6,3.6,4.8,10.000000000000002,False,5.4C(60%)-3.6C,1.0757509,-4.122950070318737e-06,32.088753858534446,35.43276257575758,10.146880666666664
batch1,18,691.0,5.4C(70%)-3C,690,False,False,False,True,5.4,0.7,3.0,4.909090909090909,9.777777777777779,False,5.4C(70%)-3C,1.0695512,-7.236380157055952e-05,31.831057275618026,35.415118353535355,9.958173666666676
batch1,19,788.0,5.4C(70%)-3C,787,False,False,False,True,5.4,0.7,3.0,4.909090909090909,9.777777777777779,False,5.4C(70%)-3C,1.0886388,-2.5014130332866567e-05,33.044085397077396,36.83902758585858,9.924738333333329
batch1,20,534.0,5.4C(80%)-5.4C,533,False,False,False,True,5.4,0.8,5.4,5.4,8.88888888888889,False,5.4C(80%)-5.4C,1.0756526,-0.0001664561720581,32.15292201754506,34.92834715151515,9.021115000000016
batch1,21,559.0,5.4C(80%)-5.4C,558,False,False,False,True,5.4,0.8,5.4,5.4,8.88888888888889,False,5.4C(80%)-5.4C,1.0856259,-0.000107376693624,33.13697371135653,36.94892544444444,8.964706333333336
batch1,23,1014.0,6C(30%)-3.6C,1013,False,False,False,True,6.0,0.3,3.6,4.235294117647059,11.333333333333332,False,6C(30%)-3.6C,1.0828081,-1.853976793249526e-05,31.99077454717494,34.8727843939394,11.447006333333356
batch1,24,1017.0,6C(40%)-3C,1016,False,False,False,True,6.0,0.4,3.0,4.0,12.0,False,6C(40%)-3C,1.0779181,-1.1685947022969624e-05,33.378063951824195,36.866496545454545,12.147216
batch1,25,854.0,6C(40%)-3C,853,False,False,False,True,6.0,0.4,3.0,4.0,12.0,False,6C(40%)-3C,1.078598,-1.7530662212848227e-05,33.848557073949294,37.990239878787875,12.130126666666674
batch1,26,870.0,6C(40%)-3.6C,869,False,False,False,True,6.0,0.4,3.6,4.5,10.666666666666668,False,6C(40%)-3.6C,1.091149,-2.7875684481952305e-05,33.15641406115227,36.41381293939394,10.764819666666668
batch1,27,842.0,6C(40%)-3.6C,841,False,False,False,True,6.0,0.4,3.6,4.5,10.666666666666668,False,6C(40%)-3.6C,1.0824029,-2.4831867088607458e-05,33.89497000372245,37.51131004040404,10.796985333333325
batch1,28,860.0,6C(50%)-3C,859,False,False,False,True,6.0,0.5,3.0,4.363636363636363,11.0,False,6C(50%)-3C,1.0809715,-1.9010427801222916e-05,33.773800525042,37.491157878787874,11.129907333333346
batch1,29,917.0,6C(50%)-3C,916,False,False,False,True,6.0,0.5,3.0,4.363636363636363,11.0,False,6C(50%)-3C,1.0828774,-1.918383614627865e-05,32.70415601771739,35.39940990909091,11.179535333333334
batch1,30,709.0,6C(50%)-3.6C,708,False,False,False,True,6.0,0.5,3.6,4.8,10.000000000000002,False,6C(50%)-3.6C,1.08348,-3.1588912330048825e-05,33.54008830692456,36.797617333333335,10.130179666666669
batch1,31,876.0,6C(50%)-3.6C,875,False,False,False,True,6.0,0.5,3.6,4.8,10.000000000000002,False,6C(50%)-3.6C,1.0982361,-3.771872714487026e-05,30.375396745150564,30.709141161616163,10.11367266666668
batch1,32,731.0,6C(60%)-3C,730,False,False,False,True,6.0,0.6,3.0,4.8,10.000000000000002,False,6C(60%)-3C,1.0811299,-2.5700989217063475e-05,33.08050304573434,36.23561784848484,10.096438
batch1,33,757.0,6C(60%)-3C,756,False,False,False,True,6.0,0.6,3.0,4.8,10.000000000000002,False,6C(60%)-3C,1.0962515,-3.643112400374767e-05,33.67169761442224,37.731304424242424,10.146428666666663
batch1,34,742.0,7C(30%)-3.6C,741,False,False,False,True,7.0,0.3,3.6,4.401746724890829,10.904761904761905,False,7C(30%)-3.6C,1.0799509,-1.5945344585094004e-05,32.66455167507311,36.08252629292929,11.06793699999998
batch1,35,703.0,7C(30%)-3.6C,702,False,False,False,True,7.0,0.3,3.6,4.401746724890829,10.904761904761905,False,7C(30%)-3.6C,1.0742505,-1.225179910923561e-05,32.09733437854189,34.87752171717172,11.05119499999999
batch1,36,704.0,7C(40%)-3C,703,False,False,False,True,7.0,0.4,3.0,4.2,11.428571428571427,False,7C(40%)-3C,1.081539,-2.1996962025314785e-05,32.04688205693082,33.970878757575754,11.524843333333347
batch1,37,648.0,7C(40%)-3C,647,False,False,False,True,7.0,0.4,3.0,4.2,11.428571428571427,False,7C(40%)-3C,1.0783199,-2.5775376230650397e-05,32.95969887229894,36.05156987878787,11.57439200000002
batch1,38,617.0,7C(40%)-3.6C,616,False,False,False,True,7.0,0.4,3.6,4.754716981132075,10.095238095238097,False,7C(40%)-3.6C,1.0762513,-2.2132791842473096e-05,33.69474656343401,37.29856363636363,10.243066666666683
batch1,39,625.0,7C(40%)-3.6C,624,False,False,False,True,7.0,0.4,3.6,4.754716981132075,10.095238095238097,False,7C(40%)-3.6C,1.0857193,-1.925788677918571e-05,33.50643317156701,37.40386024242424,10.258443000000009
batch1,40,966.0,8C(15%)-3.6C,965,False,False,False,True,8.0,0.15,3.6,4.013937282229966,11.958333333333332,False,8C(15%)-3.6C,1.0872169,-2.3692215189873207e-05,33.45968416375564,37.756139949494944,12.071222666666683
batch1,41,1051.0,8C(15%)-3.6C,1050,False,False,False,True,8.0,0.15,3.6,4.013937282229966,11.958333333333332,False,8C(15%)-3.6C,1.0829428,-1.418239334270879e-05,33.07332253245542,36.8232453030303,12.087368000000003
batch1,42,702.0,8C(25%)-3.6C,701,False,False,False,True,8.0,0.25,3.6,4.347169811320755,11.041666666666668,False,8C(25%)-3.6C,1.0838147,-1.1028390764182072e-05,33.58506724391689,37.673212,11.171093666666682
batch1,43,651.0,8C(25%)-3.6C,650,False,False,False,True,8.0,0.25,3.6,4.347169811320755,11.041666666666668,False,8C(25%)-3.6C,1.0715132,-3.5237988748235943e-05,33.339782658681436,36.82060524242424,11.170874333333334
batch1,44,616.0,8C(35%)-3.6C,615,False,False,False,True,8.0,0.35,3.6,4.7407407407407405,10.125,False,8C(35%)-3.6C,1.0882871,-4.499894280356349e-05,32.55333216968653,35.79095866666667,10.271104333333334
batch1,45,599.0,8C(35%)-3.6C,598,False,False,False,True,8.0,0.35,3.6,4.7407407407407405,10.125,False,8C(35%)-3.6C,1.0876058,-2.7353270042197476e-05,33.0005473910965,36.69642807070708,10.254465333333323
batch2,0,477.0,5.2C(58%)-4C,496,False,False,False,True,5.2,0.58,4.0,4.803695150115473,9.992307692307692,False,5.2C(58%)-4C,1.1046798,2.1829586263484947e-05,31.808470926230022,35.36620380400637,10.173733999999968
batch2,1,491.0,5.6C(26%)-4.5C,513,False,False,False,True,5.6,0.26,4.5,4.8068669527897,9.985714285714286,False,5.6C(26%)-4.5C,1.1080332,-2.11779676511928e-05,33.60099815475848,36.4516347052168,10.192646000000046
batch2,2,424.0,5.2C(50%)-4.25C,439,False,False,False,True,5.2,0.5,4.25,4.797829036635006,10.00452488687783,False,5.2C(50%)-4.25C,1.0766428,-1.430599976558924e-05,33.17566129490617,37.429077970616994,10.175071333333326
batch2,3,499.0,4.65C(44%)-5C,517,False,False,False,True,4.65,0.44,5.0,4.80123902942695,9.997419354838708,False,4.65C(44%)-5C,1.0990965,8.158258438818848e-05,33.93805810095692,38.772733971659186,10.173250333333367
batch2,4,444.0,4.65C(69%)-6C,464,False,False,False,True,4.65,0.69,6.0,4.798452112221864,10.003225806451614,False,4.65C(69%)-6C,1.0892452,-5.796041373652725e-05,33.04820861652687,37.435182660123296,10.222283666666629
batch2,5,416.0,3.6C(30%)-6C,445,False,False,False,True,3.6,0.3,6.0,4.800000000000001,10.0,False,3.6C(30%)-6C,1.098332,-0.0001761338947491,33.01307013030371,37.65087846482749,10.178295333333276
batch2,6,393.0,3.6C(9%)-5C,409,False,False,False,True,3.6,0.09,5.0,4.790419161676646,10.020000000000001,False,3.6C(9%)-5C,1.090368,4.9719488982651465e-05,33.81904518975318,39.79713499833347,10.179130999999906
batch2,7,777.0,4.8C(80%)-4.8C-newstructure,806,False,False,False,True,4.8,0.8,4.8,4.8,10.000000000000002,True,4.8C(80%)-4.8C,1.0916704,6.339681551805157e-05,33.769687089746824,37.14950685044426,10.037040333333376
batch2,8,904.0,5.2C(58%)-4C-newstructure,947,False,False,False,True,5.2,0.58,4.0,4.803695150115473,9.992307692307692,True,5.2C(58%)-4C,1.0922291,-3.755188584153646e-05,33.59868374090274,35.674109782051225,10.04007933333327
batch2,9,791.0,5.6C(26%)-4.5C-newstructure,819,False,False,False,True,5.6,0.26,4.5,4.8068669527897,9.985714285714286,True,5.6C(26%)-4.5C,1.0985823,-4.749530942334735e-05,32.3508526526095,33.58605048865401,10.040580999999946
batch2,10,492.0,4.8C(80%)-4.8C,519,False,False,False,True,4.8,0.8,4.8,4.8,10.000000000000002,False,4.8C(80%)-4.8C,1.111069,5.631212611345573e-05,31.720791269063756,34.35574737651136,10.17126966666663
batch2,11,449.0,5.2C(50%)-4.25C,468,False,False,False,True,5.2,0.5,4.25,4.797829036635006,10.00452488687783,False,5.2C(50%)-4.25C,1.0982047,0.0001098789791373,33.146477466034135,37.95576609273272,10.17367599999993
batch2,12,466.0,4.65C(44%)-5C,493,False,False,False,True,4.65,0.44,5.0,4.80123902942695,9.997419354838708,False,4.65C(44%)-5C,1.1027151,3.273375058602776e-05,31.314676947956993,33.5953920153671,10.174669333333393
batch2,13,460.0,4.65C(69%)-6C,483,False,False,False,True,4.65,0.69,6.0,4.798452112221864,10.003225806451614,False,4.65C(69%)-6C,1.0963813,1.890927097977879e-06,31.946988973926523,35.0716189725971,10.207829000000007
batch2,14,426.0,3.6C(30%)-6C,461,False,False,False,True,3.6,0.3,6.0,4.800000000000001,10.0,False,3.6C(30%)-6C,1.083474,-9.377253281762406e-05,32.123877001585356,35.20046863818076,10.207831333333306
batch2,15,396.0,3.6C(9%)-5C,414,False,False,False,True,3.6,0.09,5.0,4.790419161676646,10.020000000000001,False,3.6C(9%)-5C,1.0716724,8.866096929207733e-05,32.862747677246595,36.07268366663823,10.174112999999924
batch2,16,472.0,4.8C(80%)-4.8C,499,False,False,False,True,4.8,0.8,4.8,4.8,10.000000000000002,False,4.8C(80%)-4.8C,1.0971096,-2.708391584622876e-05,32.7673986704417,36.992036254667184,10.17198033333334
batch2,17,471.0,5.6C(26%)-4.5C,494,False,False,False,True,5.6,0.26,4.5,4.8068669527897,9.985714285714286,False,5.6C(26%)-4.5C,1.0926291,3.878762189404894e-05,32.988612809790894,34.74907966738554,10.176372333333273
batch2,18,449.0,5.2C(50%)-4.25C,467,False,False,False,True,5.2,0.5,4.25,4.797829036635006,10.00452488687783,False,5.2C(50%)-4.25C,1.0777206,0.000104510142991,32.88627829858526,36.40182568496011,10.175029666666669
batch2,19,392.0,6C(60%)-3C,411,False,False,False,True,6.0,0.6,3.0,4.8,10.000000000000002,False,6C(60%)-3C,1.0930161,6.906842475390592e-06,32.770067410122046,36.54883267067881,10.175535333333393
batch2,20,489.0,5.2C(58%)-4C,506,False,False,False,True,5.2,0.58,4.0,4.803695150115473,9.992307692307692,False,5.2C(58%)-4C,1.0994316,3.381828527895384e-05,33.61911118506716,36.88625705741767,10.172872000000012
batch2,21,408.0,6C(60%)-3C,426,False,False,False,True,6.0,0.6,3.0,4.8,10.000000000000002,False,6C(60%)-3C,1.1020024,2.7210304735116825e-05,33.60118814118363,38.66076634232272,10.174583999999935
batch2,24,514.0,4.8C(80%)-4.8C,536,False,False,False,True,4.8,0.8,4.8,4.8,10.000000000000002,False,4.8C(80%)-4.8C,1.09543,4.7195330520392656e-05,33.206377241160645,38.17140352057085,10.170490666666687
batch2,25,493.0,5.2C(58%)-4C,511,False,False,False,True,5.2,0.58,4.0,4.803695150115473,9.992307692307692,False,5.2C(58%)-4C,1.1006938,3.9160208626349274e-05,32.23848796399698,34.442510549892894,10.172881333333304
batch2,26,450.0,5.6C(26%)-4.5C,476,False,False,False,True,5.6,0.26,4.5,4.8068669527897,9.985714285714286,False,5.6C(26%)-4.5C,1.1052417,7.295324660101709e-06,33.75843376995604,36.91322322353181,10.192329666666629
batch2,27,474.0,5.2C(50%)-4.25C,493,False,False,False,True,5.2,0.5,4.25,4.797829036635006,10.00452488687783,False,5.2C(50%)-4.25C,1.0957271,9.002032934834605e-05,33.30411096115286,38.09066395642736,10.174448333333178
batch2,28,437.0,4.8C(80%)-4.8C,456,False,False,False,True,4.8,0.8,4.8,4.8,10.000000000000002,False,4.8C(80%)-4.8C,1.0929682,4.761182723863311e-05,32.143914131113334,35.334859521378185,10.17431633333336
batch2,29,452.0,5.2C(58%)-4C,470,False,False,False,True,5.2,0.58,4.0,4.803695150115473,9.992307692307692,False,5.2C(58%)-4C,1.1056679,0.0001160239381153,31.797490897448796,34.43823202248059,10.173121999999903
batch2,30,412.0,5.6C(26%)-4.5C,429,False,False,False,True,5.6,0.26,4.5,4.8068669527897,9.985714285714286,False,5.6C(26%)-4.5C,1.0973699,-7.959299578058937e-05,33.81182141567536,37.34308786098118,10.223914333333378
batch2,31,425.0,5.6C(26%)-4.5C,446,False,False,False,True,5.6,0.26,4.5,4.8068669527897,9.985714285714286,False,5.6C(26%)-4.5C,1.0990098,5.789309071730145e-05,33.3758501254003,35.656391701768925,10.17796866666676
batch2,32,809.0,4.8C(80%)-4.8C-newstructure,834,False,False,False,True,4.8,0.8,4.8,4.8,10.000000000000002,True,4.8C(80%)-4.8C,1.0911729,-8.736459915611784e-05,32.16894887045923,33.94637920302099,10.041900666666674
batch2,33,1140.0,5.2C(58%)-4C-newstructure,1190,False,False,False,True,5.2,0.58,4.0,4.803695150115473,9.992307692307692,True,5.2C(58%)-4C,1.0744615,-0.0001062066256446,32.74157143407892,34.30263809635044,10.03920333333323
batch2,34,1186.0,5.6C(26%)-4.5C-newstructure,1252,False,False,False,True,5.6,0.26,4.5,4.8068669527897,9.985714285714286,True,5.6C(26%)-4.5C,1.0687231,-7.446384200656416e-05,35.66789148456313,38.96110461672359,10.04001100000004
batch2,41,442.0,5.6C(26%)-4.5C,463,False,False,False,True,5.6,0.26,4.5,4.8068669527897,9.985714285714286,False,5.6C(26%)-4.5C,1.1057193,3.65013220815752e-05,30.193787010451164,32.72284623520075,10.177705666666686
batch2,42,474.0,5.2C(50%)-4.25C,497,False,False,False,True,5.2,0.5,4.25,4.797829036635006,10.00452488687783,False,5.2C(50%)-4.25C,1.1041421,9.613080872011632e-05,31.709620029469267,35.574378964676875,10.174918666666732
batch2,43,1029.0,4.8C(80%)-4.8C-newstructure,1061,False,False,False,True,4.8,0.8,4.8,4.8,10.000000000000002,True,4.8C(80%)-4.8C,1.1012646,-9.102386193155578e-05,33.92914533704784,36.97438163334141,10.0362016666667
batch2,44,841.0,5.2C(58%)-4C-newstructure,874,False,False,False,True,5.2,0.58,4.0,4.803695150115473,9.992307692307692,True,5.2C(58%)-4C,1.0982233,-3.4661878809184365e-05,33.95995836968299,36.8790253111546,10.040366333333369
batch2,45,997.0,5.6C(26%)-4.5C-newstructure,1027,False,False,False,True,5.6,0.26,4.5,4.8068669527897,9.985714285714286,True,5.6C(26%)-4.5C,1.1037385,-7.651347046413221e-05,35.271412144027664,37.86687606904902,10.040267666666622
batch2,46,503.0,4.8C(80%)-4.8C,523,False,False,False,True,4.8,0.8,4.8,4.8,10.000000000000002,False,4.8C(80%)-4.8C,1.1016624,2.195432489451371e-05,29.88150861827619,31.01220065415558,10.169781000000077
batch3,0,1009.0,5C(67%)-4C-newstructure,1008,False,False,False,True,5.0,0.67,4.0,4.804804804804805,9.99,True,5C(67%)-4C,1.0704424,-2.089731364275414e-05,32.194853230782606,33.560153344027476,10.044530999999989
batch3,1,1063.0,5.3C(54%)-4C-newstructure,1062,False,False,False,True,5.3,0.54,4.0,4.7936687394007915,10.013207547169811,True,5.3C(54%)-4C,1.0682956,-2.708360173464454e-05,34.83231929224147,37.98835277556221,10.041138666666567
batch3,2,1267.0,5.6C(19%)-4.6C-newstructure,1266,False,False,False,True,5.6,0.19,4.6,4.803729603729602,9.992236024844724,True,5.6C(19%)-4.6C,1.0628272,-2.9918043834971288e-05,36.79033178065713,40.5242590441136,10.044049666666687
batch3,3,1115.0,5.6C(36%)-4.3C-newstructure,1114,False,False,False,True,5.6,0.36,4.3,4.8015952143569285,9.996677740863788,True,5.6C(36%)-4.3C,1.0650423,-2.4201306844817056e-05,36.08374244976545,39.4408972847914,10.042065333333351
batch3,4,1048.0,5.6C(19%)-4.6C-newstructure,1047,False,False,False,True,5.6,0.19,4.6,4.803729603729602,9.992236024844724,True,5.6C(19%)-4.6C,1.0745391,-1.6480407876223334e-05,32.11715379681872,32.98110366119803,10.045031333333366
batch3,5,828.0,5.6C(36%)-4.3C-newstructure,827,False,False,False,True,5.6,0.36,4.3,4.8015952143569285,9.996677740863788,True,5.6C(36%)-4.3C,1.0536437,-2.6281480309420462e-05,35.56013985266867,39.69079276471186,10.041910000000012
batch3,6,667.0,3.7C(31%)-5.9C-newstructure,666,False,False,False,True,3.7,0.31,5.9,4.795167490389896,10.010077874484654,True,3.7C(31%)-5.9C,1.0623018,-0.0002012457243319,34.1072055276095,36.98765147763979,10.06247166666663
batch3,7,1836.0,4.8C(80%)-4.8C-newstructure,1835,False,False,False,True,4.8,0.8,4.8,4.8,10.000000000000002,True,4.8C(80%)-4.8C,1.0703733,-1.378884552273468e-05,32.79694473003086,34.27477909930834,11.041577333333311
batch3,8,828.0,5C(67%)-4C-newstructure,827,False,False,False,True,5.0,0.67,4.0,4.804804804804805,9.99,True,5C(67%)-4C,1.0679934,-1.9092214017819196e-05,33.05552416009523,35.07929651965403,10.044950000000002
batch3,9,1039.0,5.3C(54%)-4C-newstructure,1038,False,False,False,True,5.3,0.54,4.0,4.7936687394007915,10.013207547169811,True,5.3C(54%)-4C,1.0729177,-1.1935509845283708e-05,33.08832983925303,35.09617884754773,10.041749333333332
batch3,10,1078.0,4.8C(80%)-4.8C-newstructure,1077,False,False,False,True,4.8,0.8,4.8,4.8,10.000000000000002,True,4.8C(80%)-4.8C,1.0643069,-1.5608163384905618e-05,32.5348014795901,34.79216549532189,11.04500333333332
batch3,11,817.0,5.6C(19%)-4.6C-newstructure,816,False,False,False,True,5.6,0.19,4.6,4.803729603729602,9.992236024844724,True,5.6C(19%)-4.6C,1.0705024,-2.9758070792309472e-05,34.20373702283128,37.60932852326845,10.042218333333295
batch3,12,932.0,5.6C(36%)-4.3C-newstructure,931,False,False,False,True,5.6,0.36,4.3,4.8015952143569285,9.996677740863788,True,5.6C(36%)-4.3C,1.0765332,-1.7569348335672837e-05,33.2205731520236,35.542101100869175,10.04249166666661
batch3,13,816.0,5.6C(19%)-4.6C-newstructure,815,False,False,False,True,5.6,0.19,4.6,4.803729603729602,9.992236024844724,True,5.6C(19%)-4.6C,1.0690556,-2.9109668307546773e-05,34.11768528185422,37.233278981795394,10.042319666666684
batch3,14,858.0,5.6C(36%)-4.3C-newstructure,857,False,False,False,True,5.6,0.36,4.3,4.8015952143569285,9.996677740863788,True,5.6C(36%)-4.3C,1.076596,-1.378577590248945e-05,33.11953606667905,35.48777029470216,10.041712000000018
batch3,15,876.0,5.9C(15%)-4.6C-newstructure,875,False,False,False,True,5.9,0.15,4.6,4.798232044198895,10.003684598378777,True,5.9C(15%)-4.6C,1.0709617,-2.302881153304644e-05,33.51055049283859,36.80771071001127,10.041533666666655
batch3,16,1638.0,4.8C(80%)-4.8C-newstructure,1637,False,False,False,True,4.8,0.8,4.8,4.8,10.000000000000002,True,4.8C(80%)-4.8C,1.0635999,-2.281259845288185e-05,34.94134876933804,37.83242540611344,11.04336633333335
batch3,17,1315.0,5.3C(54%)-4C-newstructure,1314,False,False,False,True,5.3,0.54,4.0,4.7936687394007915,10.013207547169811,True,5.3C(54%)-4C,1.0689521,-1.1372246835446136e-05,35.07228784758459,37.40160198756502,10.041974333333346
batch3,18,1146.0,5.6C(19%)-4.6C-newstructure,1145,False,False,False,True,5.6,0.19,4.6,4.803729603729602,9.992236024844724,True,5.6C(19%)-4.6C,1.0700039,-3.7593349742142606e-05,35.2914180269327,37.97024186611959,10.043129666666696
batch3,19,1155.0,5.6C(36%)-4.3C-newstructure,1154,False,False,False,True,5.6,0.36,4.3,4.8015952143569285,9.996677740863788,True,5.6C(36%)-4.3C,1.0738292,-3.805726090013588e-05,35.09835953689969,37.876070766588285,10.043436999999928
batch3,20,813.0,5C(67%)-4C-newstructure,812,False,False,False,True,5.0,0.67,4.0,4.804804804804805,9.99,True,5C(67%)-4C,1.0675582,-1.9457579699943735e-05,33.10212248197412,35.739254750947524,10.04332966666664
batch3,21,772.0,3.7C(31%)-5.9C-newstructure,771,False,False,False,True,3.7,0.31,5.9,4.795167490389896,10.010077874484654,True,3.7C(31%)-5.9C,1.0685649,-0.0001666313502109,34.900399416468076,37.9177756860133,10.067868000000017
batch3,22,1002.0,5.9C(60%)-3.1C-newstructure,1001,False,False,False,True,5.9,0.6,3.1,4.813157894736842,9.972662657189721,True,5.9C(60%)-3.1C,1.0586069,-2.6836638537272203e-05,34.61069656408486,37.5322343873043,10.043384333333282
batch3,24,825.0,5C(67%)-4C-newstructure,824,False,False,False,True,5.0,0.67,4.0,4.804804804804805,9.99,True,5C(67%)-4C,1.050017,-4.74001875293075e-06,34.68760501613314,37.23633184265304,10.042240333333272
batch3,25,989.0,5.3C(54%)-4C-newstructure,988,False,False,False,True,5.3,0.54,4.0,4.7936687394007915,10.013207547169811,True,5.3C(54%)-4C,1.064286,-8.099503047349422e-06,35.58186389191699,38.88624032121534,10.041598333333386
batch3,26,1028.0,5.6C(19%)-4.6C-newstructure,1027,False,False,False,True,5.6,0.19,4.6,4.803729603729602,9.992236024844724,True,5.6C(19%)-4.6C,1.0751407,-1.3216781528360494e-05,35.745916536891265,39.14135891629517,10.041816666666708
batch3,27,850.0,5.6C(36%)-4.3C-newstructure,849,False,False,False,True,5.6,0.36,4.3,4.8015952143569285,9.996677740863788,True,5.6C(36%)-4.3C,1.0638406,-1.863954289732628e-05,35.30844806776433,38.44588898200405,10.045022333333328
batch3,28,541.0,3.7C(31%)-5.9C-newstructure,540,False,False,False,True,3.7,0.31,5.9,4.795167490389896,10.010077874484654,True,3.7C(31%)-5.9C,1.0523635,-0.0002088947726207,35.69688828820833,39.55791836716047,10.05914166666674
batch3,29,858.0,5.9C(15%)-4.6C-newstructure,857,False,False,False,True,5.9,0.15,4.6,4.798232044198895,10.003684598378777,True,5.9C(15%)-4.6C,1.0701004,-1.567848335677758e-05,31.262889334066085,31.680285422399457,10.041687666666649
batch3,30,935.0,5.3C(54%)-4C-newstructure,934,False,False,False,True,5.3,0.54,4.0,4.7936687394007915,10.013207547169811,True,5.3C(54%)-4C,1.0717487,-1.6010678621655158e-05,32.24311941023021,33.95640656351435,10.043678666666674
batch3,31,731.0,5.9C(60%)-3.1C-newstructure,730,False,False,False,True,5.9,0.6,3.1,4.813157894736842,9.972662657189721,True,5.9C(60%)-3.1C,1.0709511,-2.34733239568712e-05,34.00003070157337,36.77304266866142,10.046477666666664
batch3,33,1284.0,5C(67%)-4C-newstructure,1283,False,False,False,True,5.0,0.67,4.0,4.804804804804805,9.99,True,5C(67%)-4C,1.0625443,-2.4008560712608025e-05,33.10710984192206,34.284327507895505,10.043301333333366
batch3,34,1158.0,5.3C(54%)-4C-newstructure,1157,False,False,False,True,5.3,0.54,4.0,4.7936687394007915,10.013207547169811,True,5.3C(54%)-4C,1.0640404,-3.2445957571497205e-05,35.77943527518051,38.98815031750086,10.044184666666649
batch3,35,1093.0,5.6C(19%)-4.6C-newstructure,1092,False,False,False,True,5.6,0.19,4.6,4.803729603729602,9.992236024844724,True,5.6C(19%)-4.6C,1.0652812,-2.8946463900608317e-05,35.532941501822236,38.53730929443863,10.043148666666676
batch3,36,923.0,5.6C(36%)-4.3C-newstructure,922,False,False,False,True,5.6,0.36,4.3,4.8015952143569285,9.996677740863788,True,5.6C(36%)-4.3C,1.060088,-3.523768284106447e-05,35.87907157748097,39.38680749559564,10.043801000000046
batch3,37,1390.0,4.8C(80%)-4.8C-newstructure,1389,False,False,False,True,4.8,0.8,4.8,4.8,10.000000000000002,True,4.8C(80%)-4.8C,1.0489169,-1.914184013126306e-05,35.01461049108638,37.82132622347397,11.038556666666702
batch3,38,1935.0,5C(67%)-4C-newstructure,1934,False,False,False,True,5.0,0.67,4.0,4.804804804804805,9.99,True,5C(67%)-4C,1.0722919,-1.7165569620253515e-05,34.745836319764145,37.739090670595026,10.044471
batch3,39,1156.0,5.3C(54%)-4C-newstructure,1155,False,False,False,True,5.3,0.54,4.0,4.7936687394007915,10.013207547169811,True,5.3C(54%)-4C,1.0505079,-2.5217645335211297e-05,33.887021839840784,36.074946023996944,10.043833000000012
batch3,40,796.0,5.6C(19%)-4.6C-newstructure,795,False,False,False,True,5.6,0.19,4.6,4.803729603729602,9.992236024844724,True,5.6C(19%)-4.6C,1.0632297,-2.5197020628220492e-05,34.05341123035083,37.527810173662246,10.043562999999995
batch3,41,786.0,5.6C(36%)-4.3C-newstructure,785,False,False,False,True,5.6,0.36,4.3,4.8015952143569285,9.996677740863788,True,5.6C(36%)-4.3C,1.0537957,-5.4110278949833385e-06,33.640262798950594,36.62919119540175,10.042974333333357
batch3,42,1642.0,4.8C(80%)-4.8C-newstructure,1641,False,False,False,True,4.8,0.8,4.8,4.8,10.000000000000002,True,4.8C(80%)-4.8C,1.0691469,-9.843112986408665e-06,33.03326599301577,35.57262282220451,11.038937333333308
batch3,43,1046.0,5C(67%)-4C-newstructure,1045,False,False,False,True,5.0,0.67,4.0,4.804804804804805,9.99,True,5C(67%)-4C,1.0726073,-6.41015471167276e-06,33.89526904792961,36.95614928561784,10.043887666666608
batch3,44,940.0,5.3C(54%)-4C-newstructure,939,False,False,False,True,5.3,0.54,4.0,4.7936687394007915,10.013207547169811,True,5.3C(54%)-4C,1.0729147,-1.1666837787153318e-05,33.35164903826186,36.336163666791506,10.043435666666628
batch3,45,1801.0,4.8C(80%)-4.8C-newstructure,1800,False,False,False,True,4.8,0.8,4.8,4.8,10.000000000000002,True,4.8C(80%)-4.8C,1.0713158,-1.1372178856071586e-05,32.72596355233115,34.6817726725469,11.037649999999994
