feat_set,model,overall,general,new
A,LinReg,28.6,31.9,17.5
A,ElasticNet,29.2,33.0,16.6
A,RandomForest,29.3,34.1,13.4
A,GradBoost,29.3,34.4,12.3
A,LightGBM,29.1,33.5,14.2
B,LinReg,27.7,29.2,22.6
B,ElasticNet,27.8,29.6,22.1
B,RandomForest,30.0,35.4,12.2
B,GradBoost,29.0,34.4,10.7
B,LightGBM,30.5,35.4,14.0
C,LinReg,40.8,46.7,21.2
C,ElasticNet,41.5,46.7,24.4
C,RandomForest,31.4,36.5,14.3
C,GradBoost,39.6,46.5,16.6
C,LightGBM,34.8,39.9,18.0
D,LinReg,84.3,98.6,36.4
D,ElasticNet,43.8,48.6,27.7
D,RandomForest,32.9,38.6,13.7
D,GradBoost,39.7,46.3,17.7
D,LightGBM,33.5,38.2,17.6
E,LinReg,31.6,34.8,21.2
E,ElasticNet,30.0,34.0,16.6
E,RandomForest,30.8,36.4,12.3
E,GradBoost,29.3,34.1,13.1
E,LightGBM,31.4,36.0,16.2
