cell_id,policy,b2_group,cycle_life,log_dq_var,qd_2,pred_m1,abs_pct_err_m1,signed_pct_err_m1,n_feat_out_m1,pred_m2,abs_pct_err_m2,signed_pct_err_m2,n_feat_out_m2,var_out_of_range
0,5.2C(58%)-4C,general,477.0,-3.49,1.1,803.32,68.41,68.41,1,627.17,31.48,31.48,0,False
1,5.6C(26%)-4.5C,general,491.0,-3.3,1.11,791.68,61.24,61.24,3,575.11,17.13,17.13,3,True
2,5.2C(50%)-4.25C,general,424.0,-3.46,1.08,645.98,52.35,52.35,1,578.21,36.37,36.37,0,False
3,4.65C(44%)-5C,general,499.0,-3.5,1.1,666.89,33.64,33.64,4,528.53,5.92,5.92,0,False
4,4.65C(69%)-6C,general,444.0,-3.23,1.09,520.34,17.19,17.19,2,503.64,13.43,13.43,3,True
5,3.6C(30%)-6C,general,416.0,-3.09,1.1,539.61,29.71,29.71,4,490.21,17.84,17.84,3,True
6,3.6C(9%)-5C,general,393.0,-3.53,1.09,747.48,90.2,90.2,2,569.39,44.88,44.88,0,False
7,4.8C(80%)-4.8C-newstructure,newstructure,777.0,-4.23,1.09,1200.11,54.45,54.45,2,989.95,27.41,27.41,2,True
8,5.2C(58%)-4C-newstructure,newstructure,904.0,-4.1,1.09,893.83,1.12,-1.12,2,964.11,6.65,6.65,0,False
9,5.6C(26%)-4.5C-newstructure,newstructure,791.0,-4.34,1.09,931.4,17.75,17.75,4,1062.27,34.29,34.29,3,True
10,4.8C(80%)-4.8C,general,492.0,-3.45,1.11,672.55,36.7,36.7,2,649.82,32.08,32.08,0,False
11,5.2C(50%)-4.25C,general,449.0,-3.49,1.1,647.23,44.15,44.15,2,591.46,31.73,31.73,0,False
12,4.65C(44%)-5C,general,466.0,-3.17,1.1,567.46,21.77,21.77,3,496.97,6.64,6.64,3,True
13,4.65C(69%)-6C,general,460.0,-3.34,1.1,561.69,22.11,22.11,3,605.42,31.61,31.61,2,True
14,3.6C(30%)-6C,general,426.0,-3.12,1.08,376.12,11.71,-11.71,2,502.8,18.03,18.03,3,True
15,3.6C(9%)-5C,general,396.0,-3.52,1.07,652.1,64.67,64.67,2,622.53,57.2,57.2,0,False
16,4.8C(80%)-4.8C,general,472.0,-3.49,1.09,831.11,76.08,76.08,1,641.39,35.89,35.89,0,False
17,5.6C(26%)-4.5C,general,471.0,-3.5,1.09,751.35,59.52,59.52,0,610.91,29.7,29.7,0,False
18,5.2C(50%)-4.25C,general,449.0,-3.71,1.08,812.19,80.89,80.89,1,649.48,44.65,44.65,0,False
19,6C(60%)-3C,general,392.0,-3.29,1.09,675.23,72.25,72.25,2,552.22,40.87,40.87,3,True
20,5.2C(58%)-4C,general,489.0,-3.44,1.1,504.25,3.12,3.12,3,559.35,14.39,14.39,0,False
21,6C(60%)-3C,general,408.0,-3.33,1.1,818.6,100.64,100.64,4,574.85,40.89,40.89,2,True
24,4.8C(80%)-4.8C,general,514.0,-3.64,1.09,649.74,26.41,26.41,2,742.29,44.42,44.42,0,False
25,5.2C(58%)-4C,general,493.0,-3.53,1.1,679.89,37.91,37.91,3,632.94,28.39,28.39,0,False
26,5.6C(26%)-4.5C,general,450.0,-3.22,1.1,542.99,20.66,20.66,3,531.86,18.19,18.19,3,True
27,5.2C(50%)-4.25C,general,474.0,-3.49,1.09,678.96,43.24,43.24,3,604.25,27.48,27.48,0,False
28,4.8C(80%)-4.8C,general,437.0,-3.42,1.09,590.7,35.17,35.17,2,593.42,35.79,35.79,0,False
29,5.2C(58%)-4C,general,452.0,-3.51,1.1,827.49,83.07,83.07,1,639.08,41.39,41.39,0,False
30,5.6C(26%)-4.5C,general,412.0,-3.19,1.09,525.51,27.55,27.55,2,514.41,24.86,24.86,3,True
31,5.6C(26%)-4.5C,general,425.0,-3.35,1.1,622.47,46.46,46.46,2,566.11,33.2,33.2,0,False
32,4.8C(80%)-4.8C-newstructure,newstructure,809.0,-4.13,1.09,916.78,13.32,13.32,2,1164.24,43.91,43.91,0,False
33,5.2C(58%)-4C-newstructure,newstructure,1140.0,-4.23,1.07,877.05,23.07,-23.07,3,1236.02,8.42,8.42,1,True
34,5.6C(26%)-4.5C-newstructure,newstructure,1186.0,-4.45,1.07,935.25,21.14,-21.14,4,1375.76,16.0,16.0,3,True
41,5.6C(26%)-4.5C,general,442.0,-3.17,1.1,565.83,28.02,28.02,3,488.59,10.54,10.54,3,True
42,5.2C(50%)-4.25C,general,474.0,-3.48,1.1,675.14,42.44,42.44,2,683.82,44.27,44.27,0,False
43,4.8C(80%)-4.8C-newstructure,newstructure,1029.0,-4.27,1.1,996.3,3.18,-3.18,4,952.46,7.44,-7.44,3,True
44,5.2C(58%)-4C-newstructure,newstructure,841.0,-4.36,1.1,1231.09,46.38,46.38,3,1252.69,48.95,48.95,2,True
45,5.6C(26%)-4.5C-newstructure,newstructure,997.0,-4.18,1.1,1100.48,10.38,10.38,3,1096.29,9.96,9.96,0,False
46,4.8C(80%)-4.8C,general,503.0,-3.51,1.1,827.89,64.59,64.59,1,591.82,17.66,17.66,0,False
